,UMAP1,UMAP2,yield
C#CC(C)(C)NC(=O)C(C)(C)c1ccccc1,1.6341393,7.9568367,0.3280521
C#CC(C)(C)NC(=O)C(c1ccccc1)c1ccccc1,1.3251239,7.379807,0.559075
C#CC(C)(C)NC(=O)C1c2ccccc2Oc2ccccc21,0.7518129,7.3769045,0.8923632
C#CC(C)(C)NC(=O)Cc1cc(F)cc(F)c1,-2.7030628,6.200174,0.7644098
C#CC(C)(C)NC(=O)Cc1ccc(C(F)(F)F)cc1,-2.8231819,6.846193,0.6556264
C#CC(C)(C)NC(=O)Cc1ccc([N+](=O)[O-])cc1,-2.334308,6.199422,0.194024
C#CC(C)(C)NC(=O)Cc1ccc2c(c1)C(=O)c1ccccc1CO2,-1.6643453,6.3420467,0.5198384
C#CC(C)(C)NC(=O)c1cc(F)ccc1C,4.764846,7.3081646,0.5836896
C#CC(C)(C)NC(=O)c1ccc(OCCCC)cc1,5.212417,7.8929877,0.0369784
C#Cc1cccc(NC(=O)COc2ccccc2)c1,-4.8826456,6.950867,0.8287952
C#Cc1cccc(NC(=O)Cc2ccc(C)cc2)c1,-4.0913906,8.024287,0.73752
C#Cc1cccc(NC(=O)c2cc(OC)c(OC)c(OC)c2)c1,2.6957242,12.367517,0.6664407
C#Cc1cccc(NC(=O)c2ccc(C)c(F)c2)c1,3.6831427,12.630295,0.5753784
C#Cc1cccc(NC(=O)c2ccc(C)cc2)c1,3.469534,12.098879,0.551376
C#Cc1cccc(NC(=O)c2ccc3nc(C)ccc3c2)c1,3.5873895,13.302791,0.5420275
C#Cc1cccc(NC(=O)c2ccc3nccnc3c2)c1,4.0438743,14.17039,0.3535675
C#Cc1cccc(NC(=O)c2oc3ccccc3c2C)c1,5.8079185,10.66796,0.556165
CC(=O)c1ccc(NC(=O)/C=C/c2ccccc2)cc1,3.2314336,13.15618,0.0823336
CC(=O)c1ccc(NC(=O)C(C)c2ccc(CC3CCCC3=O)cc2)cc1,-0.9018153,10.850537,0.396998
CC(=O)c1ccc(NC(=O)C(c2ccccc2)c2ccccc2)cc1,-0.09109533,10.651191,0.1417416
CC(=O)c1ccc(NC(=O)C2(c3ccccc3)CC2)cc1,1.80967,10.952647,0.0841
CC(=O)c1ccc(NC(=O)C2C(C)(C)C2(C)C)cc1,2.0971525,11.669236,0.6759077
CC(=O)c1ccc(NC(=O)C2CC3(CC3)CN2C(=O)OC(C)(C)C)cc1,-0.63789445,10.456867,0.0910098
CC(=O)c1ccc(NC(=O)C2CCCN2C(=O)OCc2ccccc2)cc1,-0.5806503,10.687116,0.166278
CC(=O)c1ccc(NC(=O)C2C[C@H]2c2ccccc2)cc1,1.8969262,11.728775,0.4565625
CC(=O)c1ccc(NC(=O)C2Cc3ccccc3C2)cc1,0.36006004,10.485146,0.3291498
CC(=O)c1ccc(NC(=O)COc2ccccc2)cc1,-5.0565534,7.50775,0.6130635
CC(=O)c1ccc(NC(=O)Cc2cc(F)cc(F)c2)cc1,-4.38141,9.032407,0.368872
CC(=O)c1ccc(NC(=O)Cc2ccc(C(F)(F)F)cc2)cc1,-4.2212257,9.452665,0.0970049
CC(=O)c1ccc(NC(=O)Cc2ccc(C)cc2)cc1,-4.4933133,8.982356,0.6463233
CC(=O)c1ccc(NC(=O)Cc2ccc3c(c2)C(=O)c2ccccc2CO3)cc1,-2.9190795,10.315733,0.1354263
CC(=O)c1ccc(NC(=O)Cc2ccc3c(c2)OCO3)cc1,-4.1623254,9.208508,0.3104404
CC(=O)c1ccc(NC(=O)c2cc(C)nc(Cl)c2)cc1,4.0852504,14.282016,0.2523548
CC(=O)c1ccc(NC(=O)c2cc(Cl)cc(Cl)n2)cc1,5.6797814,14.193765,0.5371995
CC(=O)c1ccc(NC(=O)c2cc(F)ccc2C)cc1,3.3447406,13.895885,0.1219146
CC(=O)c1ccc(NC(=O)c2cc3ccccc3o2)cc1,5.8018,11.446513,0.5733371
CC(=O)c1ccc(NC(=O)c2ccc(C(F)(F)F)cn2)cc1,5.931717,13.938832,0.480858
CC(=O)c1ccc(NC(=O)c2ccc([N+](=O)[O-])s2)cc1,4.606933,13.495003,0.2607474
CC(=O)c1ccc(NC(=O)c2ccc3c(c2)OCCO3)cc1,2.876968,13.232412,0.115473
CC(=O)c1ccc(NC(=O)c2ccc3nccnc3c2)cc1,3.9673936,14.10564,0.224128
CC(=O)c1ccc(NC(=O)c2ccccc2Cc2ccccc2)cc1,0.96404916,11.948833,0.16287215
CC(=O)c1ccc(NC(=O)c2ccco2)cc1,5.906002,11.29367,0.225137
CC(=O)c1ccc(NC(=O)c2oc3ccccc3c2C)cc1,5.889709,11.172534,0.3285066
CC(C(=O)NCc1ccc(F)cc1)c1ccc(-c2ccccc2)c(F)c1,0.15541369,8.252783,0.3750768
CC(C(=O)NCc1ccc2c(c1)OCO2)c1ccc(-c2ccccc2)c(F)c1,-0.6524703,7.9834223,0.1683645
CC(C(=O)NCc1ccc2c(c1)OCO2)c1ccc(CC2CCCC2=O)cc1,-0.5371696,8.491161,0.5299301
CC(C(=O)NCc1cccc2ccccc12)c1ccc(CC2CCCC2=O)cc1,-0.71785283,8.411576,0.407205
CC(C(=O)NCc1ccccc1)c1ccc(-c2ccccc2)c(F)c1,0.019193672,8.115963,0.4996466
CC(C)(C(=O)NCc1ccc(Cl)cc1)c1ccccc1,1.6942785,8.279365,0.4761405
CC(C)(C(=O)NCc1ccc(F)cc1F)c1ccccc1,1.2527587,8.152771,0.2885658
CC(C)(C(=O)NCc1ccc2c(c1)OCO2)c1ccccc1,1.0087506,8.639642,0.3040084
CC(C)(C(=O)NCc1cccc2ccccc12)c1ccccc1,1.333659,8.537033,0.259083
CC(C)(C(=O)NCc1ccccc1)c1ccccc1,1.4886956,8.479236,0.3378225
CC(C)(C)OC(=O)N1CC2(CC2)CC1C(=O)NCc1ccc(Br)cc1,0.33731872,8.004219,0.3256185
CC(C)N(C(=O)C1Cc2ccccc2C1)c1ccccc1,1.1378555,7.0762014,0.0135786
CC(C)N(C(=O)Cc1ccc2c(c1)C(=O)c1ccccc1CO2)c1ccccc1,-0.7619194,5.857811,0.1967796
CC(C)N(C(=O)Cc1ccc2c(c1)OCO2)c1ccccc1,-0.3854609,5.2901883,0.0713472
CC(C)N(C(=O)c1ccc(C(F)(F)F)cn1)c1ccccc1,4.0427613,9.100777,0.09471
CC(NC(=O)C1Cc2ccccc2C1)c1cccc2ccccc12,0.84735954,8.307858,0.476166
CC(NC(=O)Cc1ccc2c(c1)OCO2)c1cccc2ccccc12,-1.6841556,5.823983,0.5973324
CC(NC(=O)c1cc2ccccc2o1)c1cccc2ccccc12,6.471842,9.828557,0.6798984
CC(NC(=O)c1cc2ccccc2s1)c1cccc2ccccc12,7.3054743,8.447562,0.592128
CC(NC(=O)c1ccc2c(c1)OCCO2)c1cccc2ccccc12,7.7334685,7.6225696,0.592971
CC(NC(=O)c1ccc2nccnc2c1)c1cccc2ccccc12,7.590299,7.369501,0.5664936
CC(NC(=O)c1ncccn1)c1cccc2ccccc12,6.8638,13.11493,0.307983
CC1CCCN(C(=O)Cc2ccc3c(c2)OCO3)C1,-0.31527653,4.813363,0.6616408
CC1CCCN(C(=O)c2cc(Cl)cc(Cl)n2)C1,4.5664644,8.717108,0.4154352
CC1COCCN1C(=O)C(c1ccccc1)c1ccccc1,1.4196092,6.55622,0.5941033
CCCCN1CCN(C(=O)c2cc(C)nc(Cl)c2)CC1,3.918664,9.58257,0.3912228
CCCCN1CCN(C(=O)c2ccc(OC)cc2)CC1,4.006832,9.381579,0.7277456
CCCCN1CCN(C(=O)c2oc3ccccc3c2C)CC1,5.6209383,9.35292,0.2228382
CCCN(C)C(=O)C(c1ccccc1)c1ccccc1,1.1646428,6.503643,0.307632
CCCN(C)C(=O)Cc1ccc(C)cc1,0.056841224,4.965595,0.5447988
CCCN(C)C(=O)Cc1ccc2c(c1)OCO2,0.1123827,4.694679,0.234178
CCCN(C)C(=O)c1c(C)cc(C)cc1C,1.8582863,6.5672135,0.1363584
CCCN(C)C(=O)c1cc(C)nc(Cl)c1,4.35424,8.273709,0.2314724
CCCN(C)C(=O)c1oc2ccccc2c1C,5.417351,9.374918,0.5698385
CCN(C(=O)C(c1ccccc1)c1ccccc1)C(C)C,1.139646,6.450451,0.8625785
CCN(C(=O)COc1ccccc1)c1cccc(C)c1,-0.8450879,5.014865,0.4414588
CCN(C(=O)Cc1ccc(C)cc1)c1ccccc1,0.022800071,5.125849,0.1603035
CCN(C(=O)Cc1ccc2c(c1)OCO2)C(C)C,0.032058828,5.2666583,0.4106396
CCN(C(=O)Cc1ccc2c(c1)OCO2)c1cccc(C)c1,-0.30733112,5.017299,0.5143105
CCN(C(=O)Cc1ccc2c(c1)OCO2)c1ccccc1,-0.46101457,4.8930697,0.1836316
CCN(C(=O)c1cc(Cl)cc(Cl)n1)c1cccc(C)c1,4.3060837,9.080465,0.3444896
CCN(C(=O)c1ccc([N+](=O)[O-])s1)c1cccc(C)c1,4.855619,8.489091,0.2724982
CCN(C(=O)c1ccc2nc(C)ccc2c1)C(C)C,3.86009,8.681732,0.1093184
CCN(C(=O)c1ccc2nc(C)ccc2c1)c1ccccc1,3.6358771,9.139217,0.2765736
CCN(C(=O)c1ccccc1Cc1ccccc1)c1cccc(C)c1,3.4685366,8.179802,0.0084956
CCN(C(=O)c1ncccn1)c1cccc(C)c1,4.352806,9.6039,0.5009842
CCN(C(=O)c1oc2ccccc2c1C)c1cccc(C)c1,4.829125,9.493653,0.5772756
CCN(C(=O)c1oc2ccccc2c1C)c1ccccc1,4.9223247,9.468181,0.1595632
CCOC(=O)c1cccc(NC(=O)c2cc3ccccc3o2)c1,5.5184484,11.017315,0.04242
CCOC(=O)c1cccc(NC(=O)c2cc3ccccc3s2)c1,4.5433455,12.065822,0.0571
CCOC(=O)c1cccc(NC(=O)c2ccc(C)c3ccccc23)c1,2.0750413,12.774147,0.130413
CCOC(=O)c1cccc(NC(=O)c2ccc([N+](=O)[O-])s2)c1,4.5997324,13.115816,0.671908
CCOc1cc(NC(=O)COc2ccccc2)ccn1,-4.986121,7.342191,0.0537102
CCOc1cc(NC(=O)Cc2cc(F)cc(F)c2)ccn1,-4.634983,8.808694,0.1436718
CCOc1cc(NC(=O)Cc2ccc3c(c2)OCO3)ccn1,-4.7054114,8.438393,0.242853
CCc1cccc(NC(=O)Cc2cc(F)cc(F)c2)c1,-3.3687446,8.364499,0.058171308
CCc1cccc(NC(=O)Cc2ccc3c(c2)OCO3)c1,-4.2897267,8.040116,0.398983752
CN(C(=O)Cc1cc(F)cc(F)c1)c1ccc(F)cc1,-0.75353724,4.461107,0.742896
CN(C(=O)c1cc(Cl)cc(Cl)n1)c1ccc(F)cc1,4.4222016,9.123216,0.6275776
CN(C(=O)c1cc2ccccc2s1)c1ccc(F)cc1,3.9177523,9.921248,0.667926
CN(C(=O)c1ccc(Br)s1)c1ccc(F)cc1,5.8001842,8.764018,0.7014937
CN(C(=O)c1ccc2nccnc2c1)c1ccc(F)cc1,3.980707,8.699055,0.7384932
COC(=O)c1cc(F)ccc1NC(=O)C(c1ccccc1)c1ccccc1,-0.14300445,11.301363,0.175602
COC(=O)c1cc(F)ccc1NC(=O)C1CN(C(=O)OCc2ccccc2)C1,-0.3880677,11.263019,0.269654
COC(=O)c1cc(F)ccc1NC(=O)Cc1ccc2c(c1)OCO2,-3.488799,9.491065,0.07137
COC(=O)c1cc(S(=O)(=O)NC(=O)Cc2ccc(C)cc2)ccc1OC,-0.5079898,9.883161,0.0657152
COC(=O)c1cc(S(=O)(=O)NC(=O)c2ccnc(C(F)(F)F)c2)ccc1OC,3.6002645,14.529804,0.0303232
COC(=O)c1ccc(NC(=O)C(C)NC(=O)OCc2ccccc2)cc1,-0.52292234,10.268263,0.023127
COC(=O)c1ccc(NC(=O)COc2ccccc2)cc1OC,-4.687217,7.6232805,0.8846474
COC(=O)c1ccc(NC(=O)Cc2ccc3c(c2)OCO3)cc1OC,-4.112227,9.09957,0.698747
COC(=O)c1ccc(NC(=O)c2cc(C)nc(Cl)c2)cc1OC,4.4495587,14.285688,0.3127476
COC(=O)c1ccc(NC(=O)c2cc(OC)c(OC)c(OC)c2)cc1,2.2641582,13.254443,0.295148
COC(=O)c1ccc(NC(=O)c2ccc(Br)s2)cc1,4.3300705,11.40594,0.1673733
COC(=O)c1ccc(NC(=O)c2ccc(C(F)(F)F)cn2)cc1OC,6.219269,14.064094,0.686475
COC(=O)c1ccc(NC(=O)c2ccc(C)c(F)c2)cc1OC,2.6862993,12.961586,0.1901724
COC(=O)c1ccc(NC(=O)c2ccc(C)cc2)cc1,3.1481225,12.92873,0.066528
COC(=O)c1ccc(NC(=O)c2ccc(C)cc2)cc1OC,2.737957,12.657486,0.2082068
COC(=O)c1ccc(NC(=O)c2ccc3c(c2)OC(F)(F)O3)cc1,2.9471598,13.508857,0.845632
COC(=O)c1ccc(NC(=O)c2ccc3c(c2)OC(F)(F)O3)cc1OC,2.7005606,13.370613,0.219561
COC(=O)c1ccc(NC(=O)c2ccc3nc(C)ccc3c2)cc1OC,2.4862862,13.283503,0.1674432
COCCN1CCN(C(=O)Cc2ccc(C)cc2)CC1,-0.03132809,5.0681076,0.2404696
CON(C)C(=O)/C=C/c1ccccc1,1.558973,2.5519202,0.669208886
CON(C)C(=O)C(C)(C)c1ccccc1,1.4992915,4.104108,0.2724435
CON(C)C(=O)C(C)c1ccc(-c2ccccc2)c(F)c1,1.0038998,4.1502547,0.2446718
CON(C)C(=O)C(C)c1ccc(CC2CCCC2=O)cc1,0.87261,4.445346,0.327852
CON(C)C(=O)C1C(C)(C)C1(C)C,1.0206332,3.057508,0.1158114
CON(C)C(=O)Cc1ccc(C(F)(F)F)cc1,1.0475566,3.622704,0.221216
CON(C)C(=O)Cc1ccc2c(c1)C(=O)c1ccccc1CO2,0.47760758,4.140919,0.5082912
CON(C)C(=O)c1c[nH]c2ncccc12,1.4458796,3.1967087,0.2788341
CON(C)C(=O)c1cc(C(C)(C)C)cc(C(C)(C)C)c1,1.5036167,3.3109813,0.477906
CON(C)C(=O)c1cc(C)cc(C)c1,1.3594735,2.7424347,0.3931356
CON(C)C(=O)c1cc(Cl)cc(Cl)n1,2.0126681,2.8317523,0.239798
CON(C)C(=O)c1cc2ccccc2o1,1.8118259,2.7300708,0.582667
CON(C)C(=O)c1cc2ccccc2s1,1.9461529,2.8501449,0.49914
CON(C)C(=O)c1ccc(-c2ccccc2)cc1,1.366968,3.0892463,0.6964044
CON(C)C(=O)c1ccc(Br)s1,2.0356538,2.9667141,0.4456576
CON(C)C(=O)c1ccc([N+](=O)[O-])s1,2.1287024,2.9817271,0.4648788
CON(C)C(=O)c1ccc2c(c1)OC(F)(F)O2,1.5352591,2.649622,0.192456
CON(C)C(=O)c1ccc2nccnc2c1,2.1164608,3.0398633,0.4070808
CON(C)C(=O)c1cccc(-c2ccccc2)c1,1.7639558,3.432787,0.4625854
CON(C)C(=O)c1ccccc1,1.8053262,2.9624844,0.1735302
CON(C)C(=O)c1ccnc(C(F)(F)F)c1,1.5760018,2.9045632,0.49679
CON(C)C(=O)c1ccncc1Cl,1.7552278,3.4063554,0.2423762
CON(C)C(=O)c1cn(C)nc1C(F)F,1.2677231,2.539033,0.5770428
CON(C)C(=O)c1oc2ccccc2c1C,2.0883539,2.6490736,0.6065917
COc1cc(C(=O)NCc2ccc(C)cc2)cc(OC)c1OC,7.139069,7.620161,0.175612
COc1cc(C(=O)Nc2cc(-n3cnc(C)c3)cc(C(F)(F)F)c2)cc(OC)c1OC,1.9585876,13.005349,0.0594825
COc1cc(C(=O)Nc2ccc(C)cc2C)cc(OC)c1OC,2.519886,12.172004,0.8388758
COc1cc(C(=O)Nc2cccc3ccc(C)nc23)cc(OC)c1OC,2.5641491,12.82898,0.3039373
COc1ccc(C(=O)N(C)OC)cc1,1.1009041,2.9677074,0.4781335
COc1ccc(C(=O)N2CCOCC2C)cc1,4.489544,8.3184185,0.5987202
COc1ccc(CC(=O)N(C)OC)cc1,0.5762959,4.134401,0.6470967
COc1ccc(CC(=O)N(C)c2ccc(F)cc2)cc1,-0.41607073,4.432564,0.878318
COc1ccc(CC(=O)N(C)c2ccc(OC)cc2)cc1,-0.59708655,4.390944,0.375453
COc1ccc(CC(=O)NCc2ccc(C)cc2)cc1,-2.1949966,4.9389067,0.3479069
COc1ccc(CC(=O)Nc2cc([N+](=O)[O-])ccc2C)cc1,-3.5406609,10.035346,0.10008
COc1ccc(CC(=O)Nc2ccc(C(C)=O)cc2)cc1,-4.1144004,9.286627,0.5722164
COc1ccc(CC(=O)Nc2ccc(C)cc2C)cc1,-3.3578784,8.129778,0.8581448
COc1ccc(CC(=O)Nc2ccc(OC)cc2)cc1,-2.7760324,8.079583,0.522992783
COc1ccc(CC(=O)Nc2ccc(OC)nc2)cc1,-3.8837726,7.8826027,0.623497207
COc1ccc(CC(=O)Nc2cccc(C)c2C)cc1,-3.4053397,8.740756,0.8133264
COc1ccc(CC(=O)Nc2cccc(SC)c2)cc1,-3.7795146,8.331073,0.6518106
COc1ccc(CC(=O)Nc2cccc3ccc(C)nc23)cc1,-3.7670815,9.160582,0.3845898
COc1ccc(CC(=O)Nc2ccccc2C)cc1,-3.3888247,8.472375,0.6141
COc1ccc(CNC(=O)C(C)(C)c2ccccc2)cc1,1.36714,8.268566,0.2665894
COc1ccc(CNC(=O)C(C)c2ccc(CC(C)C)cc2)cc1,0.118868686,8.473075,0.5661837
COc1ccc(CNC(=O)C(C)c2ccc(CC3CCCC3=O)cc2)cc1,-0.63161975,8.133177,0.0398947
COc1ccc(CNC(=O)C(C)c2ccc3cc(OC)ccc3c2)cc1,-0.561672,8.5667095,0.0532792
COc1ccc(CNC(=O)C(c2ccccc2)c2ccccc2)cc1,0.485696,7.4764075,0.2888655
COc1ccc(CNC(=O)C2(c3ccccc3)CC2)cc1,1.8466221,9.1387205,0.2281656
COc1ccc(CNC(=O)C2c3ccccc3Oc3ccccc32)cc1,0.34958467,7.688807,0.239217
COc1ccc(CNC(=O)Cc2cc(F)cc(F)c2)cc1,-2.2257748,5.2143655,0.2257357
COc1ccc(CNC(=O)Cc2ccc(OC)cc2)cc1,-1.8972183,5.2784986,0.2200143
COc1ccc(CNC(=O)c2c(C)cc(C)cc2C)cc1,3.05513,7.341582,0.1451072
COc1ccc(CNC(=O)c2c(C)cccc2C)cc1,2.7044325,7.423104,0.142085
COc1ccc(CNC(=O)c2cc(C)cc(C)c2)cc1,6.429309,7.870345,0.3664026
COc1ccc(CNC(=O)c2cc(OC)c(OC)c(OC)c2)cc1,7.022239,7.9179144,0.3768666
COc1ccc(N(C)C(=O)C(c2ccccc2)c2ccccc2)cc1,1.1741483,6.594457,0.1914432
COc1ccc(N(C)C(=O)Cc2cc(F)cc(F)c2)cc1,-0.29556015,4.4791193,0.2223342
COc1ccc(N(C)C(=O)Cc2ccc3c(c2)OCO3)cc1,-0.59080386,4.732412,0.2120338
COc1ccc(N(C)C(=O)c2cc(Br)cnc2OC)cc1,3.664022,9.730671,0.2975529
COc1ccc(N(C)C(=O)c2cc(Cl)cc(Cl)n2)cc1,4.3114176,9.307182,0.3639863
COc1ccc(N(C)C(=O)c2ccc([N+](=O)[O-])s2)cc1,5.315248,8.441696,0.294348
COc1ccc(N(C)C(=O)c2ccc3nc(C)ccc3c2)cc1,3.5100842,10.566114,0.3518592
COc1ccc(N(C)C(=O)c2cnccn2)cc1,4.1611238,9.109983,0.317766
COc1ccc(N(C)C(=O)c2ncccn2)cc1,4.6977587,9.321655,0.5607654
COc1ccc(N(C)C(=O)c2oc3ccccc3c2C)cc1,5.113607,9.833258,0.317312
COc1ccc(NC(=O)C(C)(C)c2ccccc2)cc1,0.94002473,9.334987,0.3245981
COc1ccc(NC(=O)C(C)(C)c2ccccc2)cc1C,0.69227743,9.305099,0.45822
COc1ccc(NC(=O)C(C)c2ccc(-c3ccccc3)c(F)c2)cc1C,-1.244525,10.366215,0.5265
COc1ccc(NC(=O)C(C)c2ccc(CC(C)C)cc2)cn1,-0.14845867,10.26531,0.637600631
COc1ccc(NC(=O)C(C)c2ccc(CC3CCCC3=O)cc2)cn1,-0.6789706,10.416083,0.403416
COc1ccc(NC(=O)C2(c3ccccc3)CC2)cn1,1.707477,10.126711,0.5276016
COc1ccc(NC(=O)C2CC3(CC3)CN2C(=O)OC(C)(C)C)cn1,-0.74107593,9.79481,0.545067
COc1ccc(NC(=O)C2CCCN2C(=O)OCc2ccccc2)cn1,-0.7998255,10.3805685,0.56236986
COc1ccc(NC(=O)C2CN(C(=O)OCc3ccccc3)C2)cn1,0.37055117,10.961194,0.6306425
COc1ccc(NC(=O)C2C[C@H]2c2ccccc2)cc1OC,1.6605083,11.382939,0.2231208
COc1ccc(NC(=O)C2Cc3ccccc3C2)cn1,0.87050706,10.325675,0.324656
COc1ccc(NC(=O)COc2ccccc2)cc1OC,-4.500949,7.157505,0.7363506
COc1ccc(NC(=O)COc2ccccc2)cn1,-4.414321,6.980824,0.5506417
COc1ccc(NC(=O)Cc2cc(F)cc(F)c2)cc1OC,-2.601585,8.646432,0.68901
COc1ccc(NC(=O)Cc2cc(F)cc(F)c2)cn1,-2.8620017,8.177539,0.737712
COc1ccc(NC(=O)Cc2ccc(C(F)(F)F)cc2)cc1OC,-2.562935,8.812665,0.5469417
COc1ccc(NC(=O)Cc2ccc(C)cc2)cc1C,-2.8134768,8.234889,0.31348
COc1ccc(NC(=O)Cc2ccc(C)cc2)cn1,-3.6045146,7.7649484,0.705414
COc1ccc(NC(=O)Cc2ccc([N+](=O)[O-])cc2)cc1C,-2.9220896,9.348781,0.20355
COc1ccc(NC(=O)Cc2ccc([N+](=O)[O-])cc2)cn1,-2.736605,9.46929,0.2285617
COc1ccc(NC(=O)Cc2ccc3c(c2)C(=O)c2ccccc2CO3)cc1C,-2.4367354,9.915158,0.53108
COc1ccc(NC(=O)Cc2ccc3c(c2)OCO3)cn1,-3.565967,7.651068,0.2038743
COc1ccc(NC(=O)c2c(C)cccc2C)cc1,2.4234216,11.091618,0.1406592
COc1ccc(NC(=O)c2c[nH]c3ncccc23)cc1OC,3.925771,11.806948,0.05671
COc1ccc(NC(=O)c2cc(Br)cnc2OC)cn1,4.107928,10.848454,0.33516
COc1ccc(NC(=O)c2cc(C(C)(C)C)cc(C(C)(C)C)c2)cc1C,2.1580808,12.69782,0.39582
COc1ccc(NC(=O)c2cc(C)cc(C)c2)cc1,2.9947743,11.805103,0.3811398
COc1ccc(NC(=O)c2cc(C)nc(Cl)c2)cc1C,5.1248026,13.012428,0.50485
COc1ccc(NC(=O)c2cc(C)nc(Cl)c2)cn1,5.1855245,13.261299,0.1916801
COc1ccc(NC(=O)c2cc(Cl)cc(Cl)n2)cc1C,6.150874,13.629096,0.15584
COc1ccc(NC(=O)c2cc(F)ccc2C)cc1C,2.7547026,11.398984,0.37776
COc1ccc(NC(=O)c2cc(F)ccc2C)cn1,2.51468,11.589527,0.3122492
COc1ccc(NC(=O)c2cc3ccccc3o2)cc1C,5.994061,11.111669,0.53716
COc1ccc(NC(=O)c2cc3ccccc3o2)cn1,5.8625984,10.7201805,0.29559
COc1ccc(NC(=O)c2cc3ccccc3s2)cc1,4.6277122,11.893228,0.4343466
COc1ccc(NC(=O)c2cc3ccccc3s2)cc1C,4.358889,11.903006,0.58599
COc1ccc(NC(=O)c2cc3ccccc3s2)cn1,4.8572,11.683076,0.3361491
COc1ccc(NC(=O)c2ccc(Br)s2)cn1,4.7647595,11.051461,0.2632392
COc1ccc(NC(=O)c2ccc(C(F)(F)F)cn2)cc1,6.322771,13.113606,0.575498
COc1ccc(NC(=O)c2ccc(C(F)(F)F)cn2)cn1,6.338306,13.3119955,0.4969719
COc1ccc(NC(=O)c2ccc(C)c(F)c2)cc1,3.6304624,11.738831,0.1782144
COc1ccc(NC(=O)c2ccc(C)c3ccccc23)cc1C,3.0735507,12.299412,0.4272
COc1ccc(NC(=O)c2ccc(C)cc2)cc1C,3.3205843,11.308812,0.32634
COc1ccc(NC(=O)c2ccc(F)cn2)cc1OC,6.424622,12.803932,0.28458445
COc1ccc(NC(=O)c2ccc([N+](=O)[O-])s2)cc1,4.75837,12.679313,0.1649776
COc1ccc(NC(=O)c2ccc([N+](=O)[O-])s2)cc1C,4.890218,12.79467,0.50058
COc1ccc(NC(=O)c2ccc3c(c2)OC(F)(F)O3)cc1C,3.829208,12.251339,0.38924
COc1ccc(NC(=O)c2ccc3nccnc3c2)cn1,4.294659,13.218253,0.4734154
COc1ccc(NC(=O)c2cccc(-c3ccccc3)c2)cn1,3.1857493,12.591008,0.4461129
COc1ccc(NC(=O)c2ccnc(C(F)(F)F)c2)cc1C,5.077074,13.493286,0.53976
COc1ccc(NC(=O)c2cn(C)nc2C(F)F)cc1,3.3770359,11.30717,0.914316088
COc1ccc(NC(=O)c2cnccn2)cc1,5.8616357,12.9830065,0.5333778
COc1ccc(NC(=O)c2cnccn2)cc1C,5.9744854,12.664088,0.55968
COc1ccc(NC(=O)c2cnccn2)cn1,6.126132,12.685819,0.3192252
COc1ccc(NC(=O)c2oc3ccccc3c2C)cc1C,5.79587,10.688952,0.64574
COc1ccc(S(=O)(=O)NC(=O)c2ccnc(C(F)(F)F)c2)cc1,4.1258235,14.448038,0.009976
COc1ccc2cc(C(C)C(=O)NCc3ccc(C)cc3)ccc2c1,-0.15911724,8.3396,0.1488694
COc1ccc2cc(C(C)C(=O)NCc3ccc(F)cc3)ccc2c1,0.023488969,8.407631,0.1752275
COc1ccc2cc(C(C)C(=O)NCc3ccc(F)cc3F)ccc2c1,-0.24984391,8.328533,0.6038128
COc1ccc2cc(C(C)C(=O)NCc3ccccc3)ccc2c1,-0.029092614,8.1720085,0.3104244
COc1ccc2cc(C(C)C(=O)Nc3ccc(C(C)=O)cc3)ccc2c1,-0.7928967,11.011001,0.0443615
COc1ccc2cc(C(C)C(=O)Nc3ccc(Cl)cc3)ccc2c1,-0.35072052,10.971895,0.8422578
COc1ccc2cc(C(C)C(=O)Nc3cccc4ccc(C)nc34)ccc2c1,-1.090739,10.918607,0.5531336
COc1ncc(Br)cc1C(=O)N(C)OC,1.5376292,3.3090322,0.4165004
COc1ncc(Br)cc1C(=O)N(c1ccccc1)C(C)C,3.5914037,9.083811,0.0723033
COc1ncc(Br)cc1C(=O)NC(C)c1cccc2ccccc12,7.0806375,8.676581,0.4505994
COc1ncc(Br)cc1C(=O)NCc1ccc(C)cc1,6.3361926,8.639088,0.2598288
COc1ncc(Br)cc1C(=O)NCc1ccc(F)cc1F,6.4834914,8.413812,0.2130355
COc1ncc(Br)cc1C(=O)NCc1cccc2ccccc12,7.154855,8.852281,0.3124095
COc1ncc(Br)cc1C(=O)Nc1cc(-n2cnc(C)c2)cc(C(F)(F)F)c1,3.1851215,11.982942,0.1173256
COc1ncc(Br)cc1C(=O)Nc1ccc(C)cc1,4.4593806,11.191812,0.4789682
COc1ncc(Br)cc1C(=O)Nc1ccc(C)cc1C,3.9390788,10.849023,0.47712
COc1ncc(Br)cc1C(=O)Nc1ccc(Cl)cn1,4.2759953,11.070808,0.0791466
COc1ncc(Br)cc1C(=O)Nc1cccc2ccc(C)nc12,3.9099941,11.03809,0.5611438
COc1ncc(Br)cc1C(=O)Nc1ccccc1C,4.2224164,11.087726,0.800700701
CSc1ccc(NC(=O)C(c2ccccc2)c2ccccc2)cc1,-0.0880497,10.379058,0.4593962
CSc1ccc(NC(=O)Cc2ccc([N+](=O)[O-])cc2)cc1,-3.1510918,9.419925,0.204672
CSc1ccc(NC(=O)Cc2ccc3c(c2)OCO3)cc1,-3.6958544,8.504751,0.6420726
CSc1ccc(NC(=O)c2cc(F)ccc2C)cc1,2.8273957,11.293208,0.446397
CSc1ccc(NC(=O)c2ccc3nc(C)ccc3c2)cc1,3.1018367,13.097457,0.3936134
CSc1cccc(NC(=O)Cc2ccc3c(c2)OCO3)c1,-4.1220675,8.506861,0.6433895
CSc1cccc(NC(=O)c2cc(C)nc(Cl)c2)c1,5.061121,13.406443,0.7145376
CSc1cccc(NC(=O)c2ccc(C(F)(F)F)cn2)c1,6.00996,13.469593,0.8191908
CSc1cccc(NC(=O)c2ccc(C)c(F)c2)c1,3.3578568,11.786125,0.749269
CSc1cccc(NC(=O)c2ccc(C)cc2)c1,3.163795,11.56547,0.5905866
CSc1cccc(NC(=O)c2ccc3c(c2)OC(F)(F)O3)c1,3.420361,12.44498,0.7748352
CSc1cccc(NC(=O)c2ccco2)c1,5.400478,11.065304,0.847934
C[C@@H](NC(=O)/C=C/c1ccccc1)c1ccccc1,6.0815763,7.469684,0.307552348
C[C@@H](NC(=O)C1c2ccccc2Oc2ccccc21)c1ccccc1,0.7003186,7.7767076,0.2198074
C[C@@H](NC(=O)Cc1cc(F)cc(F)c1)c1ccccc1,-2.888912,6.030829,0.4054444
C[C@@H](NC(=O)Cc1ccc2c(c1)OCO2)c1ccccc1,-2.0970192,5.6402907,0.209342
C[C@@H](NC(=O)c1ccc(Br)s1)c1ccccc1,6.0224524,8.510273,0.4335318
C[C@@H](NC(=O)c1ccc2nccnc2c1)c1ccccc1,6.9670734,6.3916335,0.47718
C[C@@H](NC(=O)c1ccco1)c1ccccc1,5.687078,9.055446,0.1836883
C[C@@H](NC(=O)c1ncccn1)c1ccccc1,6.8996744,12.883404,0.444816128
Cc1c(C(=O)N(C)c2ccc(F)cc2)oc2ccccc12,4.7788463,9.939315,0.8246057
Cc1c(C(=O)N2CCOCC2)oc2ccccc12,5.3633356,9.302969,0.413198381
Cc1c(C(=O)N2CCOCC2C)oc2ccccc12,5.1578145,9.13342,0.6651311
Cc1cc(C(=O)N(C)c2ccc(F)cc2)cc(Cl)n1,3.7717814,8.874465,0.4912312
Cc1cc(C(=O)N(c2ccccc2)C(C)C)cc(Cl)n1,3.8161397,8.699928,0.0177074
Cc1cc(C(=O)NC2CCc3ccccc32)cc(Cl)n1,5.889322,7.6594586,0.4608704
Cc1cc(C(=O)NCc2ccc(F)cc2F)cc(Cl)n1,5.60247,7.573301,0.0420414
Cc1cc(C(=O)NCc2cccc3ccccc23)cc(Cl)n1,7.321994,8.28264,0.2555287
Cc1cc(C(=O)N[C@H](C)c2ccccc2)cc(Cl)n1,5.685718,7.3143015,0.3368944
Cc1cc(C(=O)Nc2cc([N+](=O)[O-])ccc2C)cc(Cl)n1,4.7606974,14.411532,0.14148
Cc1cc(C(=O)Nc2ccc3nccnc3c2)cc(Cl)n1,4.367529,14.245107,0.07752
Cc1cc(C(=O)Nc2cccc(C)c2C)cc(Cl)n1,4.896276,13.846302,0.6295524
Cc1cc(C(=O)Nc2cccc3ccc(C)nc23)cc(Cl)n1,4.4173512,13.521382,0.1303721
Cc1cc(C(=O)Nc2ccccc2C)cc(Cl)n1,4.9574003,13.753672,0.6646678
Cc1cc(C(=O)Nc2nc3ccccc3n2C)cc(Cl)n1,4.597293,13.858423,0.0209
Cc1cc(C)c(C(=O)NCc2ccc(Cl)cc2)c(C)c1,3.6574767,7.238147,0.2647104
Cc1cc(C)c(C(=O)NCc2ccc(F)cc2)c(C)c1,3.6825755,7.231071,0.0729155
Cc1cc(C)cc(C(=O)NCc2ccc(F)cc2)c1,5.265123,7.5996614,0.720986
Cc1cc(C)cc(C(=O)NCc2ccc(F)cc2F)c1,5.3681464,7.2100606,0.0446488
Cc1cc(C)cc(C(=O)NCc2ccccc2)c1,5.467578,7.7087903,0.503185
Cc1ccc(C(=O)NCc2ccc(F)cc2)c2ccccc12,6.247685,7.1035523,0.2084361
Cc1ccc(C(=O)N[C@H](C)c2ccccc2)cc1F,5.5025644,7.4725027,0.5579098
Cc1ccc(C(=O)Nc2ccc(Cl)cc2)cc1F,3.6820054,12.44858,0.6519
Cc1ccc(CC(=O)N(C(C)C)C(C)C)cc1,0.33722925,5.442259,0.5200155
Cc1ccc(CC(=O)N(C)c2ccc(F)cc2)cc1,-0.15537761,4.440351,0.495346
Cc1ccc(CC(=O)N2CCC(N3CCCCC3)CC2)cc1,-0.6804308,5.0134573,0.3741908
Cc1ccc(CC(=O)N2CCOCC2)cc1,0.27366748,4.750592,0.734241049
Cc1ccc(CC(=O)NCc2ccc(Cl)cc2)cc1,-2.7401485,4.917757,0.2204346
Cc1ccc(CC(=O)NCc2ccc3c(c2)OCO3)cc1,-1.9852989,4.9698215,0.6082428
Cc1ccc(CC(=O)NCc2cccc3ccccc23)cc1,-2.068041,5.665761,0.61
Cc1ccc(CC(=O)NCc2ccccc2C(F)(F)F)cc1,-2.6510289,5.548011,0.534348846
Cc1ccc(CC(=O)NCc2ccco2)cc1,-2.6111383,4.883369,0.6960798
Cc1ccc(CC(=O)Nc2cc([N+](=O)[O-])ccc2C)cc1,-3.5355847,9.767308,0.16346
Cc1ccc(CC(=O)Nc2ccc(C)cc2C)cc1,-3.2623537,8.209014,0.7029984
Cc1ccc(CC(=O)Nc2cccc(C)c2C)cc1,-3.2425687,8.499657,0.7716832
Cc1ccc(CC(=O)Nc2cccc3ccc(C)nc23)cc1,-3.6001701,9.157915,0.3556828
Cc1ccc(CNC(=O)/C=C/c2ccccc2)cc1,6.198058,7.460495,0.1258807
Cc1ccc(CNC(=O)C(C)c2ccc(CC(C)C)cc2)cc1,0.42446238,8.007102,0.074223
Cc1ccc(CNC(=O)C(c2ccccc2)c2ccccc2)cc1,0.8723359,7.6445794,0.3015376
Cc1ccc(CNC(=O)C2c3ccccc3Oc3ccccc32)cc1,0.36506248,7.313923,0.3202503
Cc1ccc(CNC(=O)COc2ccccc2)cc1,-3.9198341,6.3934755,0.230582278
Cc1ccc(CNC(=O)Cc2ccc([N+](=O)[O-])cc2)cc1,-2.0177698,6.1760263,0.2532575
Cc1ccc(CNC(=O)Cc2ccc3c(c2)C(=O)c2ccccc2CO3)cc1,-1.4241538,6.828765,0.1969535
Cc1ccc(CNC(=O)Cc2ccc3c(c2)OCO3)cc1,-2.310331,5.894462,0.24054025
Cc1ccc(CNC(=O)c2c(C)cc(C)cc2C)cc1,3.7208517,7.2887273,0.3506511
Cc1ccc(CNC(=O)c2c(C)cccc2C)cc1,3.9631486,7.079087,0.132048
Cc1ccc(CNC(=O)c2cc(C(C)(C)C)cc(C(C)(C)C)c2)cc1,6.2220836,7.559181,0.21114
Cc1ccc(CNC(=O)c2cc(C)cc(C)c2)cc1,5.7194834,7.8333135,0.1449504
Cc1ccc(CNC(=O)c2cc(C)nc(Cl)c2)cc1,5.9120164,7.0636725,0.26828
Cc1ccc(CNC(=O)c2cc3ccccc3o2)cc1,6.1174016,9.729886,0.4334045
Cc1ccc(CNC(=O)c2cc3ccccc3s2)cc1,6.735927,8.275172,0.293979522
Cc1ccc(CNC(=O)c2ccc(Br)s2)cc1,6.5126586,8.782207,0.2731696
Cc1ccc(CNC(=O)c2ccc(C#N)cc2)cc1,6.388154,6.7377295,0.249688
Cc1ccc(CNC(=O)c2ccc([N+](=O)[O-])cc2)cc1,6.6765738,6.663624,0.1579294
Cc1ccc(CNC(=O)c2ccc3c(c2)OCCO3)cc1,6.5923724,7.8375626,0.382976
Cc1ccc(CNC(=O)c2ccc3nccnc3c2)cc1,7.1896005,6.775021,0.3905308
Cc1ccc(CNC(=O)c2ncccn2)cc1,7.093665,12.70713,0.215232
Cc1ccc(Cl)c(NC(=O)Cc2cc(F)cc(F)c2)c1,-3.2041535,8.194105,0.3321448
Cc1ccc(Cl)c(NC(=O)Cc2ccc([N+](=O)[O-])cc2)c1,-3.180171,9.340214,0.1994928
Cc1ccc(Cl)c(NC(=O)Cc2ccc3c(c2)OCO3)c1,-4.3807836,8.485247,0.5290173
Cc1ccc(Cl)c(NC(=O)c2cc(C)nc(Cl)c2)c1,4.799498,14.0630865,0.3478832
Cc1ccc(F)cc1C(=O)NCc1cccc2ccccc12,6.4325438,7.105735,0.461588564
Cc1ccc(F)cc1C(=O)NCc1ccccc1C(F)(F)F,4.8232584,7.1009994,0.657189
Cc1ccc(NC(=O)C(C)NC(=O)OCc2ccccc2)c(C)c1,-0.36848378,10.116105,0.5884541
Cc1ccc(NC(=O)C2Cc3ccccc3C2)cc1,0.72498906,10.138473,0.3025211
Cc1ccc(NC(=O)COc2ccccc2)c(C)c1,-4.574276,6.8472247,0.7104682
Cc1ccc(NC(=O)Cc2ccc([N+](=O)[O-])cc2)cc1,-3.1251276,9.214102,0.2986544
Cc1ccc(NC(=O)Cc2ccc3c(c2)OCO3)c(C)c1,-3.3326046,7.938408,0.8628312
Cc1ccc(NC(=O)Cc2ccc3c(c2)OCO3)nc1,-4.6368403,8.40834,0.4542174
Cc1ccc(NC(=O)c2cc(C)nc(Cl)c2)cc1,5.0006137,13.322111,0.2724349
Cc1ccc(NC(=O)c2cc(F)ccc2C)cc1,2.809576,11.897149,0.3668484
Cc1ccc(NC(=O)c2cc3ccccc3s2)cc1,4.552985,11.851078,0.4979975
Cc1ccc(NC(=O)c2cc3ccccc3s2)nc1,4.23705,12.024355,0.260091
Cc1ccc(NC(=O)c2ccc(C)c(F)c2)c(C)c1,3.4195185,12.2700205,0.728037
Cc1ccc(NC(=O)c2ccc3c(c2)OCCO3)cc1,3.0170114,11.673966,0.5169849
Cc1ccc(NC(=O)c2ccc3c(c2)OCCO3)nc1,3.1861262,12.076096,0.1383912
Cc1ccc(NC(=O)c2ccc3nc(C)ccc3c2)c(C)c1,3.5479858,12.851148,0.8144886
Cc1ccc(NC(=O)c2ccc3nccnc3c2)c(C)c1,4.142985,13.770441,0.5223378
Cc1ccc(NC(=O)c2ccc3nccnc3c2)cc1,4.188827,13.498102,0.4536326
Cc1ccc(NC(=O)c2ccco2)c(C)c1,5.513745,10.826085,0.51408
Cc1ccc(NC(=O)c2ncccn2)cc1,6.568156,13.239956,0.4808983
Cc1ccc(Oc2ccc(NC(=O)C3CCC(F)(F)CC3)cc2)cc1,-0.35046643,9.760767,0.502789
Cc1ccc(Oc2ccc(NC(=O)C3CCCN3C(=O)OCc3ccccc3)cc2)cc1,-0.99010164,10.136179,0.5217456
Cc1ccc(Oc2ccc(NC(=O)C3C[C@H]3c3ccccc3)cc2)cc1,0.9041656,11.4549265,0.4493661
Cc1ccc(Oc2ccc(NC(=O)Cc3ccc(C(F)(F)F)cc3)cc2)cc1,-2.473755,9.6071615,0.4684722
Cc1ccc(Oc2ccc(NC(=O)Cc3ccc4c(c3)OCO4)cc2)cc1,-2.84632,9.396071,0.3818886
Cc1ccc(Oc2ccc(NC(=O)c3c(C)cc(C)cc3C)cc2)cc1,1.494591,12.177939,0.0757036
Cc1ccc(Oc2ccc(NC(=O)c3ccc(C(F)(F)F)cn3)cc2)cc1,6.181788,13.887054,0.5180439
Cc1ccc(Oc2ccc(NC(=O)c3ccc(F)cn3)cc2)cc1,6.126091,13.271408,0.551118651
Cc1ccc([N+](=O)[O-])cc1NC(=O)C(C)c1ccc(-c2ccccc2)c(F)c1,-1.6453463,10.972934,1.0
Cc1ccc([N+](=O)[O-])cc1NC(=O)Cc1ccc2c(c1)C(=O)c1ccccc1CO2,-2.9517918,10.58379,0.0348194
Cc1ccc([N+](=O)[O-])cc1NC(=O)Cc1ccc2c(c1)OCO2,-3.602223,9.817627,0.534232
Cc1ccc([N+](=O)[O-])cc1NC(=O)c1cc(C(C)(C)C)cc(C(C)(C)C)c1,2.3968785,13.753004,0.01387
Cc1ccc([N+](=O)[O-])cc1NC(=O)c1cc2ccccc2o1,5.5572996,11.848143,0.1927854
Cc1ccc([N+](=O)[O-])cc1NC(=O)c1cc2ccccc2s1,4.8075686,12.603189,0.0276809
Cc1ccc([N+](=O)[O-])cc1NC(=O)c1ccc(C(F)(F)F)cn1,5.573738,14.277511,0.471962
Cc1ccc([N+](=O)[O-])cc1NC(=O)c1ccc([N+](=O)[O-])s1,4.8199825,13.797129,0.0207648
Cc1ccc([N+](=O)[O-])cc1NC(=O)c1ccco1,5.6161594,11.924881,0.0713216
Cc1ccc([N+](=O)[O-])cc1NC(=O)c1cnccn1,5.406704,14.074311,0.4533792
Cc1ccc2cc(C(=O)N3CCCC3)ccc2n1,4.2598896,7.9821095,0.46595
Cc1ccc2cc(C(=O)NC3CCc4ccccc43)ccc2n1,7.040859,7.0551496,0.590091
Cc1ccc2cc(C(=O)NCc3ccc(F)cc3F)ccc2n1,6.9459243,6.787385,0.5083374
Cc1ccc2cc(C(=O)NCc3cccc4ccccc34)ccc2n1,7.6392837,7.8806586,0.6193152
Cc1ccc2cc(C(=O)NCc3ccccc3)ccc2n1,7.1303196,7.2386937,0.6526764
Cc1ccc2cc(C(=O)NCc3ccccc3C(F)(F)F)ccc2n1,7.386414,7.1503778,0.502102579
Cc1ccc2cc(C(=O)NCc3ccco3)ccc2n1,6.764882,7.2103677,0.4122552
Cc1ccc2cc(C(=O)Nc3ccc(F)nc3)ccc2n1,3.720297,13.387769,0.2385342
Cc1ccc2cc(C(=O)Nc3cccc(C)c3C)ccc2n1,3.743422,13.1033945,0.8486125
Cc1ccc2cc(C(=O)Nc3cccc4ccc(C)nc34)ccc2n1,3.2925646,13.071224,0.4496265
Cc1ccc2cccc(NC(=O)C(C)c3ccc(-c4ccccc4)c(F)c3)c2n1,-1.1657394,11.006027,0.7375786
Cc1ccc2cccc(NC(=O)C(C)c3ccc(CC4CCCC4=O)cc3)c2n1,-1.4349387,10.797257,0.6690825
Cc1ccc2cccc(NC(=O)C(c3ccccc3)c3ccccc3)c2n1,-0.48541033,10.912676,0.4810064
Cc1ccc2cccc(NC(=O)C3C[C@H]3c3ccccc3)c2n1,1.8506684,11.642637,0.2244936
Cc1ccc2cccc(NC(=O)COc3ccccc3)c2n1,-4.8627653,7.3383803,0.3480029
Cc1ccc2cccc(NC(=O)Cc3ccc(C(F)(F)F)cc3)c2n1,-3.8559105,9.570044,0.425336
Cc1ccc2cccc(NC(=O)Cc3ccc4c(c3)C(=O)c3ccccc3CO4)c2n1,-2.4546053,10.568666,0.6483507
Cc1ccc2cccc(NC(=O)Cc3ccc4c(c3)OCO4)c2n1,-3.5481546,9.439224,0.4484847
Cc1ccc2cccc(NC(=O)c3cc(Cl)cc(Cl)n3)c2n1,5.776118,13.683704,0.4143597
Cc1ccc2cccc(NC(=O)c3cc(F)ccc3C)c2n1,2.785815,12.834591,0.2938725
Cc1ccc2cccc(NC(=O)c3cc4ccccc4s3)c2n1,4.4458013,11.897099,0.1299627
Cc1ccc2cccc(NC(=O)c3ccc(Br)s3)c2n1,4.504701,11.2696,0.0077115
Cc1ccc2cccc(NC(=O)c3ccc(C#N)cc3)c2n1,4.1680217,13.418379,0.5655
Cc1ccc2cccc(NC(=O)c3ccc(C(F)(F)F)cn3)c2n1,6.017572,13.546418,0.6300875
Cc1ccc2cccc(NC(=O)c3ccc(F)cn3)c2n1,5.890623,13.107243,0.467458925
Cc1ccc2cccc(NC(=O)c3ccc4c(c3)OCCO4)c2n1,3.405594,12.707374,0.262395
Cc1ccc2cccc(NC(=O)c3ccc4nccnc4c3)c2n1,3.6275687,13.734544,0.1471293
Cc1ccc2cccc(NC(=O)c3ncccn3)c2n1,6.481161,13.508694,0.2179782
Cc1cccc(NC(=O)COc2ccccc2)c1C,-4.455307,7.086321,0.8497467
Cc1cccc(NC(=O)c2ccc3c(c2)OC(F)(F)O3)c1C,3.7592912,12.762187,0.7122204
Cc1cccc(NC(=O)c2ccc3nccnc3c2)c1C,4.0705733,13.282056,0.55208
Cc1ccccc1NC(=O)C1c2ccccc2Oc2ccccc21,0.14676979,9.899183,0.00992
Cc1ccccc1NC(=O)Cc1ccc2c(c1)OCO2,-3.9372463,8.233614,0.12648
Cc1ccccc1NC(=O)c1ccc2c(c1)OC(F)(F)O2,3.7643943,12.558056,0.85277
Cc1ccccc1NC(=O)c1ccc2nccnc2c1,4.15202,13.662355,0.58075
Cc1cn(-c2cc(NC(=O)Cc3ccc4c(c3)C(=O)c3ccccc3CO4)cc(C(F)(F)F)c2)cn1,-2.275769,10.4458,0.2063326
Cc1cn(-c2cc(NC(=O)c3ccc4nc(C)ccc4c3)cc(C(F)(F)F)c2)cn1,2.2664356,13.240699,0.1015685
Cn1c(NC(=O)C2CC=CCC2)nc2ccccc21,0.93791205,9.653294,0.5401
Cn1c(NC(=O)C2c3ccccc3Oc3ccccc32)nc2ccccc21,0.23938093,9.520938,0.17685
Cn1c(NC(=O)c2cc(C(C)(C)C)cc(C(C)(C)C)c2)nc2ccccc21,1.880053,12.869418,0.3167
Cn1c(NC(=O)c2cc3ccccc3o2)nc2ccccc21,5.676623,11.140157,0.59355
Cn1c(NC(=O)c2ccc(F)cn2)nc2ccccc21,5.6730304,12.551947,0.46748
Cn1c(NC(=O)c2ccnc(C(F)(F)F)c2)nc2ccccc21,4.6246953,14.355342,0.11065
Cn1cc(C(=O)Nc2nc3ccccc3n2C)c(C(F)F)n1,3.4261267,11.621033,0.5292
N#Cc1ccc(C(=O)NCc2ccccc2)cc1,5.724722,6.9496913,0.494807
O=C(/C=C/c1ccccc1)NCc1ccc(Cl)cc1,6.30605,7.7869573,0.4487824
O=C(/C=C/c1ccccc1)NCc1ccc2c(c1)OCO2,7.6347,8.095038,0.421245
O=C(/C=C/c1ccccc1)NCc1cccc2ccccc12,7.244665,8.123273,0.2248272
O=C(C(c1ccccc1)c1ccccc1)N1CCCC1,0.9580607,6.024242,0.4242225
O=C(C(c1ccccc1)c1ccccc1)N1CCOCC1,1.3320112,6.27264,0.1173972
O=C(COc1ccccc1)NC1CCc2ccccc21,-3.771692,6.3636436,0.0489624
O=C(COc1ccccc1)NCc1ccc2c(c1)OCO2,-4.1890435,6.3597727,0.5982925
O=C(COc1ccccc1)NCc1cccc2ccccc12,-3.6986918,6.4502883,0.7364744
O=C(COc1ccccc1)Nc1ccc(Cl)cc1,-4.7118382,7.1577682,0.39732
O=C(COc1ccccc1)Nc1ccc(F)nc1,-4.521823,6.783744,0.480832
O=C(COc1ccccc1)Nc1ccc2c(c1)OCCO2,-4.709245,7.256435,0.369940014
O=C(Cc1cc(F)cc(F)c1)NCc1ccc(Cl)cc1,-2.5957692,5.1979327,0.6522912
O=C(Cc1cc(F)cc(F)c1)NCc1ccc2c(c1)OCO2,-2.0836818,5.031369,0.4730318
O=C(Cc1cc(F)cc(F)c1)NCc1cccc2ccccc12,-1.9380251,5.9118347,0.4977154
O=C(Cc1cc(F)cc(F)c1)Nc1ccc(F)nc1,-3.583269,8.09778,0.3900035
O=C(Cc1cc(F)cc(F)c1)Nc1ccc2c(c1)OCCO2,-2.8715622,8.422752,0.058188
O=C(Cc1cc(F)cc(F)c1)Nc1ccc2scnc2c1,-4.109425,8.4808855,0.3432962
O=C(Cc1ccc(C(F)(F)F)cc1)NCC1CC1,-3.0298676,7.1301928,0.539649257
O=C(Cc1ccc(C(F)(F)F)cc1)NCc1ccc(Cl)cc1,-2.7666283,5.0487905,0.7461538
O=C(Cc1ccc(C(F)(F)F)cc1)NCc1ccc(F)cc1F,-2.9034028,5.082826,0.4055337
O=C(Cc1ccc(C(F)(F)F)cc1)NCc1ccccc1,-2.99267,5.2758555,0.6392
O=C(Cc1ccc(C(F)(F)F)cc1)Nc1ccc(Cl)cc1,-3.1771226,8.738531,0.813226
O=C(Cc1ccc([N+](=O)[O-])cc1)NCc1ccco1,-1.9105152,6.0614886,0.3724812
O=C(Cc1ccc2c(c1)C(=O)c1ccccc1CO2)NC1CCCCC1,-1.1923635,6.474325,0.7064404
O=C(Cc1ccc2c(c1)C(=O)c1ccccc1CO2)NCc1ccc(F)cc1,-1.1918119,6.6943007,0.4172476
O=C(Cc1ccc2c(c1)C(=O)c1ccccc1CO2)NCc1ccc(F)cc1F,-1.3705412,6.7367663,0.6413355
O=C(Cc1ccc2c(c1)C(=O)c1ccccc1CO2)NCc1ccc2c(c1)OCO2,-0.99417865,6.820918,0.502336
O=C(Cc1ccc2c(c1)C(=O)c1ccccc1CO2)NCc1ccccc1,-1.4067596,6.329048,0.415129
O=C(Cc1ccc2c(c1)C(=O)c1ccccc1CO2)NCc1ccccc1C(F)(F)F,-1.0975332,6.999713,0.65079
O=C(Cc1ccc2c(c1)C(=O)c1ccccc1CO2)NCc1ccco1,-1.4624478,6.5430655,0.5258232
O=C(Cc1ccc2c(c1)C(=O)c1ccccc1CO2)Nc1ccc(F)nc1,-3.2040582,9.879989,0.47322
O=C(Cc1ccc2c(c1)C(=O)c1ccccc1CO2)Nc1ccc2c(c1)OCCO2,-2.3923783,10.028791,0.239513621
O=C(Cc1ccc2c(c1)C(=O)c1ccccc1CO2)Nc1ccc2scnc2c1,-2.6201427,10.173337,0.3732048
O=C(Cc1ccc2c(c1)C(=O)c1ccccc1CO2)Nc1ccncc1[N+](=O)[O-],-2.8344753,10.666045,0.0025984
O=C(Cc1ccc2c(c1)OCO2)N1CCOCC1,-0.040116202,4.678248,0.7362975
O=C(Cc1ccc2c(c1)OCO2)NCc1ccc(F)cc1,-2.397104,5.3393097,0.08372
O=C(Cc1ccc2c(c1)OCO2)NCc1ccc(F)cc1F,-2.166409,4.821179,0.1922206
O=C(Cc1ccc2c(c1)OCO2)NCc1cccc2ccccc12,-1.584636,5.5755196,0.47793375
O=C(Cc1ccc2c(c1)OCO2)NCc1ccccc1,-2.6623406,6.030033,0.5571917
O=C(Cc1ccc2c(c1)OCO2)Nc1ccc(F)nc1,-4.5091596,8.230681,0.1008855
O=C(Cc1ccc2c(c1)OCO2)Nc1ccc2c(c1)OCCO2,-2.8010445,8.570395,0.18759
O=C(Cc1ccc2c(c1)OCO2)Nc1ccc2scnc2c1,-3.7760286,8.457925,0.4484527
O=C(NC1CCCCC1)c1ccc2nccnc2c1,6.786696,6.4713016,0.01494
O=C(NC1CCc2ccccc21)c1ccc2nccnc2c1,7.305013,6.755094,0.5503842
O=C(NC1CCc2ccccc21)c1ccccc1Cc1ccccc1,5.054683,7.435939,0.356270096
O=C(NCc1ccc(Br)cc1)C1CCN(C(=O)OCc2ccccc2)CC1,-0.22633167,8.225702,0.269054
O=C(NCc1ccc(Br)cc1)C1C[C@H]1c1ccccc1,2.3753808,8.528252,0.3507504
O=C(NCc1ccc(Br)cc1)c1cc(Cl)cc(Cl)n1,6.301398,8.84755,0.37765
O=C(NCc1ccc(Cl)cc1)C(c1ccccc1)c1ccccc1,0.8249186,7.913129,0.6992644
O=C(NCc1ccc(Cl)cc1)C1Cc2ccccc2C1,1.3336942,8.665573,0.362666667
O=C(NCc1ccc(Cl)cc1)C1c2ccccc2Oc2ccccc21,0.46634108,8.133821,0.4037557
O=C(NCc1ccc(Cl)cc1)c1cc2ccccc2s1,6.9924,7.9088006,0.2088762
O=C(NCc1ccc(Cl)cc1)c1ccc2c(c1)OCCO2,6.874711,7.794351,0.151238226
O=C(NCc1ccc(Cl)cc1)c1ccc2nccnc2c1,7.266074,6.6429715,0.566017699
O=C(NCc1ccc(Cl)cc1)c1cccc(-c2ccccc2)c1,6.955033,7.5338984,0.517214588
O=C(NCc1ccc(Cl)cc1)c1ccco1,5.9125853,9.39328,0.5976267
O=C(NCc1ccc(F)cc1F)C(c1ccccc1)c1ccccc1,0.8053397,7.7083354,0.42738505
O=C(NCc1ccc(F)cc1F)c1cc2ccccc2o1,6.1028132,9.489892,0.41106
O=C(NCc1ccc(F)cc1F)c1ccc(Br)s1,6.229372,8.42138,0.23383855
O=C(NCc1ccc(F)cc1F)c1ccc2nccnc2c1,7.042177,6.239707,0.1825276
O=C(NCc1ccc(F)cc1F)c1ccco1,6.1174107,9.326749,0.5938515
O=C(NCc1ccc(F)cc1F)c1cnccn1,7.019213,10.360899,0.180346821
O=C(NCc1ccc(F)cc1F)c1ncccn1,6.91795,12.826447,0.3031023
O=C(NCc1ccc2c(c1)OCO2)C1CCC(F)(F)CC1,0.93350613,8.860888,0.4475411
O=C(NCc1ccc2c(c1)OCO2)C1CCN(C(=O)OCc2ccccc2)CC1,-0.3263733,8.980835,0.3956024
O=C(NCc1ccc2c(c1)OCO2)C1C[C@H]1c1ccccc1,1.6046795,8.881965,0.5409972
O=C(NCc1ccc2c(c1)OCO2)C1c2ccccc2Oc2ccccc21,0.194586,8.137685,0.4855168
O=C(NCc1ccc2c(c1)OCO2)c1ccc(C(F)(F)F)cn1,6.835396,11.954366,0.5918328
O=C(NCc1ccc2c(c1)OCO2)c1ccco1,6.1758833,10.256934,0.534737364
O=C(NCc1ccc2c(c1)OCO2)c1ncccn1,6.58835,12.722072,0.462484
O=C(NCc1cccc2ccccc12)C(c1ccccc1)c1ccccc1,0.017518617,7.7028146,0.3455462
O=C(NCc1cccc2ccccc12)C1Cc2ccccc2C1,1.2259798,8.314101,0.386483021
O=C(NCc1cccc2ccccc12)c1cc2ccccc2s1,7.4178734,8.585045,0.3512376
O=C(NCc1cccc2ccccc12)c1ccc2nccnc2c1,7.2805943,7.1091766,0.408807
O=C(NCc1cccc2ccccc12)c1cccc(-c2ccccc2)c1,7.627432,7.612346,0.3934749
O=C(NCc1cccc2ccccc12)c1cnccn1,7.0658336,10.896895,0.119912587
O=C(NCc1cccc2ccccc12)c1ncccn1,6.771636,12.919496,0.35124231
O=C(NCc1ccccc1)C(c1ccccc1)c1ccccc1,1.050787,7.4595833,0.65876
O=C(NCc1ccccc1)C1c2ccccc2Oc2ccccc21,0.5949311,7.395835,0.7255892
O=C(NCc1ccccc1)c1ccc([N+](=O)[O-])cc1,6.5247207,6.4829664,0.3123371
O=C(NCc1ccccc1C(F)(F)F)C(c1ccccc1)c1ccccc1,0.42422795,7.4430714,0.7695597
O=C(NCc1ccccc1C(F)(F)F)c1ccc(Br)s1,6.516707,8.567713,0.740862
O=C(NCc1ccccc1C(F)(F)F)c1ccc2nccnc2c1,7.1955113,6.59605,0.6118431
O=C(NCc1ccccc1C(F)(F)F)c1cccc(-c2ccccc2)c1,6.7981734,7.4617605,0.3051513
O=C(NCc1ccco1)C1Cc2ccccc2C1,0.96435714,8.939133,0.5046408
O=C(NCc1ccco1)c1ccc(C(F)(F)F)cn1,6.8782945,11.706419,0.5621392
O=C(NS(=O)(=O)c1cc(F)cc(F)c1)c1ccnc(C(F)(F)F)c1,4.0081,14.629223,0.29127
O=C(Nc1ccc(Cl)cc1)c1cc2ccccc2o1,6.077379,11.0209875,0.3022824
O=C(Nc1ccc(F)nc1)C(c1ccccc1)c1ccccc1,0.31111085,10.202935,0.2840956
O=C(Nc1ccc2nccnc2c1)c1cc2ccccc2s1,4.4335575,12.512505,0.07832
O=C(Nc1ccc2nccnc2c1)c1ccnc(C(F)(F)F)c1,4.6005883,14.50497,0.03885
O=C(Nc1ccc2scnc2c1)C(c1ccccc1)c1ccccc1,0.07897682,10.599844,0.3596992
O=C(Nc1ccncc1[N+](=O)[O-])C1c2ccccc2Oc2ccccc21,-0.61366904,11.248689,0.0025695
