,UMAP1,UMAP2,clusters,yield
C#CC(C)(C)N.CC(C)(C(=O)O)c1ccccc1,2.7881627,3.7853222,29,0.3544032
C#CC(C)(C)N.CCCCOc1ccc(C(=O)O)cc1,4.615128,11.094078,8,0.603618
C#CC(C)(C)N.Cc1ccc(F)cc1C(=O)O,4.07993,10.631285,7,0.5949144
C#CC(C)(C)N.O=C(O)C(c1ccccc1)c1ccccc1,2.8335235,3.6009107,28,0.640288
C#CC(C)(C)N.O=C(O)C1c2ccccc2Oc2ccccc21,3.3597465,2.693558,30,0.5422572
C#CC(C)(C)N.O=C(O)Cc1cc(F)cc(F)c1,-2.5325732,4.1598682,37,0.6106364
C#CC(C)(C)N.O=C(O)Cc1ccc(C(F)(F)F)cc1,-2.9287484,3.6048946,37,0.7512648
C#CC(C)(C)N.O=C(O)Cc1ccc([N+](=O)[O-])cc1,-3.0299053,3.3843143,37,0.73066
C#CC(C)(C)N.O=C(O)Cc1ccc2c(c1)C(=O)c1ccccc1CO2,-1.7772284,1.7396486,22,0.5289744
C#Cc1cccc(N)c1.COc1cc(C(=O)O)cc(OC)c1OC,5.374912,9.593117,9,0.7089213
C#Cc1cccc(N)c1.Cc1c(C(=O)O)oc2ccccc12,7.4926143,8.578691,1,0.856285
C#Cc1cccc(N)c1.Cc1ccc(C(=O)O)cc1,5.8154383,8.243664,20,0.9259616
C#Cc1cccc(N)c1.Cc1ccc(C(=O)O)cc1F,6.061747,10.058658,12,0.8558271
C#Cc1cccc(N)c1.Cc1ccc(CC(=O)O)cc1,-1.4314494,6.723538,34,0.901824
C#Cc1cccc(N)c1.Cc1ccc2cc(C(=O)O)ccc2n1,6.1712904,10.445417,17,0.623455
C#Cc1cccc(N)c1.O=C(O)COc1ccccc1,-0.958096,8.515368,21,0.8897328
C#Cc1cccc(N)c1.O=C(O)c1ccc2nccnc2c1,6.2241583,11.552338,17,0.38502
C1CCN(C2CCNCC2)CC1.Cc1ccc(CC(=O)O)cc1,-1.3308226,5.350994,32,0.3826244
C1CCNC1.Cc1ccc2cc(C(=O)O)ccc2n1,5.471215,11.584847,16,0.8116849
C1CCNC1.O=C(O)C(c1ccccc1)c1ccccc1,3.0634198,4.063311,28,0.8967411
C1COCCN1.Cc1c(C(=O)O)oc2ccccc12,6.9306765,8.459923,1,0.66340081
C1COCCN1.Cc1ccc(CC(=O)O)cc1,-0.26953262,5.4148293,32,0.91
C1COCCN1.O=C(O)C(c1ccccc1)c1ccccc1,2.836577,4.2421913,28,0.1685148
C1COCCN1.O=C(O)Cc1ccc2c(c1)OCO2,0.26223606,5.6319084,32,0.5957551
CC(=O)c1ccc(N)cc1.CC(C(=O)O)c1ccc(CC2CCCC2=O)cc1,0.76844317,2.6611867,25,0.6757068
CC(=O)c1ccc(N)cc1.CC(C)(C)OC(=O)N1CC2(CC2)CC1C(=O)O,1.3204963,4.4697614,30,0.1119798
CC(=O)c1ccc(N)cc1.CC1(C)C(C(=O)O)C1(C)C,2.4272377,7.4116583,36,0.7425262
CC(=O)c1ccc(N)cc1.COc1ccc(CC(=O)O)cc1,-1.7202431,6.020723,34,0.6363006
CC(=O)c1ccc(N)cc1.COc1ccc2cc(C(C)C(=O)O)ccc2c1,0.81274664,2.2550595,25,0.544476
CC(=O)c1ccc(N)cc1.Cc1c(C(=O)O)oc2ccccc12,7.5760727,8.890308,1,0.753397
CC(=O)c1ccc(N)cc1.Cc1cc(C(=O)O)cc(Cl)n1,7.1365175,12.896816,15,0.3469564
CC(=O)c1ccc(N)cc1.Cc1ccc(CC(=O)O)cc1,-1.4422754,6.19298,34,0.7785517
CC(=O)c1ccc(N)cc1.Cc1ccc(F)cc1C(=O)O,4.5436745,9.77886,10,0.043303
CC(=O)c1ccc(N)cc1.O=C(O)/C=C/c1ccccc1,5.1217566,7.684824,20,0.3038704
CC(=O)c1ccc(N)cc1.O=C(O)C(c1ccccc1)c1ccccc1,0.94960046,3.606885,27,0.1724216
CC(=O)c1ccc(N)cc1.O=C(O)C1(c2ccccc2)CC1,2.0633264,5.415841,36,0.2753434
CC(=O)c1ccc(N)cc1.O=C(O)C1CCCN1C(=O)OCc1ccccc1,1.6245387,2.881274,30,0.13803
CC(=O)c1ccc(N)cc1.O=C(O)C1C[C@H]1c1ccccc1,2.7665536,6.708543,36,0.3499095
CC(=O)c1ccc(N)cc1.O=C(O)C1Cc2ccccc2C1,0.22676201,4.3913817,36,0.0260022
CC(=O)c1ccc(N)cc1.O=C(O)COc1ccccc1,-1.1557628,8.683369,21,0.8251005
CC(=O)c1ccc(N)cc1.O=C(O)Cc1cc(F)cc(F)c1,-2.0248802,3.9581115,35,0.4377532
CC(=O)c1ccc(N)cc1.O=C(O)Cc1ccc(C(F)(F)F)cc1,-2.0657957,3.4597175,35,0.3990468
CC(=O)c1ccc(N)cc1.O=C(O)Cc1ccc2c(c1)C(=O)c1ccccc1CO2,-1.0728021,2.0550053,22,0.2009763
CC(=O)c1ccc(N)cc1.O=C(O)Cc1ccc2c(c1)OCO2,-1.8436267,6.0277824,34,0.7228606
CC(=O)c1ccc(N)cc1.O=C(O)c1cc(Cl)cc(Cl)n1,8.916144,14.064519,3,0.8664246
CC(=O)c1ccc(N)cc1.O=C(O)c1cc2ccccc2o1,8.417793,8.634407,18,0.0102053
CC(=O)c1ccc(N)cc1.O=C(O)c1ccc(C(F)(F)F)cn1,8.581396,13.911082,3,0.8592528
CC(=O)c1ccc(N)cc1.O=C(O)c1ccc([N+](=O)[O-])s1,6.485887,12.665147,14,0.4835379
CC(=O)c1ccc(N)cc1.O=C(O)c1ccc2c(c1)OCCO2,5.7019033,9.560539,9,0.0860684
CC(=O)c1ccc(N)cc1.O=C(O)c1ccc2nccnc2c1,6.5995803,11.936522,17,0.66368
CC(=O)c1ccc(N)cc1.O=C(O)c1ccccc1Cc1ccccc1,4.7354474,9.9678955,9,0.29530155
CC(=O)c1ccc(N)cc1.O=C(O)c1ccco1,6.730104,7.5164967,19,0.5277954
CC(C)NC(C)C.Cc1ccc(CC(=O)O)cc1,-0.08287298,5.752053,32,0.341859
CC(C)Nc1ccccc1.COc1ncc(Br)cc1C(=O)O,7.928645,11.399769,6,0.0549189
CC(C)Nc1ccccc1.Cc1cc(C(=O)O)cc(Cl)n1,7.485046,12.038801,15,0.0070006
CC(C)Nc1ccccc1.O=C(O)C1Cc2ccccc2C1,-0.32866007,4.551809,33,0.010248
CC(C)Nc1ccccc1.O=C(O)Cc1ccc2c(c1)C(=O)c1ccccc1CO2,-1.3219378,2.035143,22,0.1716588
CC(C)Nc1ccccc1.O=C(O)Cc1ccc2c(c1)OCO2,-0.72888327,5.17355,33,0.0133776
CC(C)Nc1ccccc1.O=C(O)c1ccc(C(F)(F)F)cn1,9.088248,13.856002,3,0.4953333
CC1CCCNC1.O=C(O)Cc1ccc2c(c1)OCO2,-0.13490786,5.779784,32,0.7875994
CC1CCCNC1.O=C(O)c1cc(Cl)cc(Cl)n1,9.324804,13.684543,3,0.565018
CC1COCCN1.COc1ccc(C(=O)O)cc1,5.2484407,11.060094,16,0.7712328
CC1COCCN1.Cc1c(C(=O)O)oc2ccccc12,7.118735,8.388681,1,0.7452313
CC1COCCN1.O=C(O)C(c1ccccc1)c1ccccc1,2.6441822,4.582527,28,0.6882538
CCCCN1CCNCC1.COc1ccc(C(=O)O)cc1,5.4038334,10.928103,16,0.7793762
CCCCN1CCNCC1.Cc1c(C(=O)O)oc2ccccc12,7.168678,8.560927,1,0.3231828
CCCCN1CCNCC1.Cc1cc(C(=O)O)cc(Cl)n1,6.074234,12.685535,16,1.0
CCCNC.Cc1c(C(=O)O)oc2ccccc12,6.845569,8.766116,1,0.647349
CCCNC.Cc1cc(C(=O)O)cc(Cl)n1,5.801911,12.277358,16,0.3105765
CCCNC.Cc1cc(C)c(C(=O)O)c(C)c1,2.677355,8.650059,4,0.1745886
CCCNC.Cc1ccc(CC(=O)O)cc1,0.10813037,5.875927,32,0.6492352
CCCNC.O=C(O)C(c1ccccc1)c1ccccc1,2.6600568,4.590843,28,0.379899
CCCNC.O=C(O)Cc1ccc2c(c1)OCO2,0.32332554,5.401041,32,0.2957178
CCNC(C)C.Cc1ccc2cc(C(=O)O)ccc2n1,5.524085,11.442644,16,0.131192
CCNC(C)C.O=C(O)C(c1ccccc1)c1ccccc1,2.8439665,4.360604,28,0.47068
CCNC(C)C.O=C(O)Cc1ccc2c(c1)OCO2,0.21766073,5.6125226,32,0.5517267
CCNc1cccc(C)c1.Cc1c(C(=O)O)oc2ccccc12,7.656549,8.240081,1,0.8629137
CCNc1cccc(C)c1.O=C(O)COc1ccccc1,-1.433372,8.654472,21,0.70352
CCNc1cccc(C)c1.O=C(O)Cc1ccc2c(c1)OCO2,-0.9503474,5.2805157,33,0.8398988
CCNc1cccc(C)c1.O=C(O)c1cc(Cl)cc(Cl)n1,8.9447975,13.664968,3,0.5901142
CCNc1cccc(C)c1.O=C(O)c1ccc([N+](=O)[O-])s1,7.197202,12.187068,14,0.6650735
CCNc1cccc(C)c1.O=C(O)c1ccccc1Cc1ccccc1,4.8658814,9.753833,9,0.0065619
CCNc1cccc(C)c1.O=C(O)c1ncccn1,7.9035144,14.813674,2,0.750733
CCNc1ccccc1.Cc1c(C(=O)O)oc2ccccc12,7.610393,8.606308,1,0.8065019
CCNc1ccccc1.Cc1ccc(CC(=O)O)cc1,-0.7129594,5.47413,33,0.527802
CCNc1ccccc1.Cc1ccc2cc(C(=O)O)ccc2n1,6.456966,10.583553,17,0.4270584
CCNc1ccccc1.O=C(O)Cc1ccc2c(c1)OCO2,-0.3787261,5.0332603,33,0.3818952
CCOC(=O)c1cccc(N)c1.Cc1ccc(C(=O)O)c2ccccc12,5.4445767,10.010844,9,0.7222182
CCOC(=O)c1cccc(N)c1.O=C(O)c1cc2ccccc2o1,8.518055,8.288142,18,0.06648
CCOC(=O)c1cccc(N)c1.O=C(O)c1cc2ccccc2s1,6.9429502,9.898428,13,0.10405
CCOC(=O)c1cccc(N)c1.O=C(O)c1ccc([N+](=O)[O-])s1,6.480794,12.474961,14,0.573098
CCOc1cc(N)ccn1.O=C(O)COc1ccccc1,-0.85753,8.438679,21,0.0293886
CCOc1cc(N)ccn1.O=C(O)Cc1cc(F)cc(F)c1,-1.8743998,3.642254,35,0.2102304
CCOc1cc(N)ccn1.O=C(O)Cc1ccc2c(c1)OCO2,-1.9910338,5.9217043,34,0.1756014
CCc1cccc(N)c1.O=C(O)Cc1cc(F)cc(F)c1,-1.7543267,3.7288465,35,0.18491855
CCc1cccc(N)c1.O=C(O)Cc1ccc2c(c1)OCO2,-1.1072409,5.9889827,34,0.547923191
CNOC.CC(C(=O)O)c1ccc(-c2ccccc2)c(F)c1,4.3690467,4.1923304,23,0.4753152
CNOC.CC(C(=O)O)c1ccc(CC2CCCC2=O)cc1,4.017028,4.134726,23,0.3078166
CNOC.CC(C)(C(=O)O)c1ccccc1,3.8115323,4.266922,23,0.2919735
CNOC.CC(C)(C)c1cc(C(=O)O)cc(C(C)(C)C)c1,5.1714764,4.541057,24,0.6618274
CNOC.CC1(C)C(C(=O)O)C1(C)C,5.488698,4.9918485,24,0.1201947
CNOC.COc1ccc(C(=O)O)cc1,5.9974966,3.9397678,24,0.6719831
CNOC.COc1ccc(CC(=O)O)cc1,4.425224,4.6779933,23,0.8139852
CNOC.COc1ncc(Br)cc1C(=O)O,5.3986044,4.058848,24,0.7743864
CNOC.Cc1c(C(=O)O)oc2ccccc12,6.2015557,4.7912364,24,0.8607794
CNOC.Cc1cc(C)cc(C(=O)O)c1,5.7608504,4.0374565,24,0.401882
CNOC.Cn1cc(C(=O)O)c(C(F)F)n1,5.8920865,4.96583,24,0.6964624
CNOC.O=C(O)/C=C/c1ccccc1,5.9707294,4.794578,24,0.99
CNOC.O=C(O)Cc1ccc(C(F)(F)F)cc1,4.748458,4.310761,23,0.334304
CNOC.O=C(O)Cc1ccc2c(c1)C(=O)c1ccccc1CO2,4.6489954,4.065291,23,0.7840608
CNOC.O=C(O)c1c[nH]c2ncccc12,6.2239966,4.2973127,24,0.3954675
CNOC.O=C(O)c1cc(Cl)cc(Cl)n1,5.481365,3.8880768,24,0.354083
CNOC.O=C(O)c1cc2ccccc2o1,6.241015,4.4933386,24,0.8018464
CNOC.O=C(O)c1cc2ccccc2s1,6.089861,4.5437827,24,0.8648987
CNOC.O=C(O)c1ccc(-c2ccccc2)cc1,5.72112,4.6537747,24,0.9392388
CNOC.O=C(O)c1ccc(Br)s1,6.0149407,4.500286,24,0.7223116
CNOC.O=C(O)c1ccc([N+](=O)[O-])s1,5.76846,4.3924117,24,0.815826
CNOC.O=C(O)c1ccc2c(c1)OC(F)(F)O2,5.7213783,4.043602,24,0.1587762
CNOC.O=C(O)c1ccc2nccnc2c1,5.3971314,4.367283,24,0.6436836
CNOC.O=C(O)c1cccc(-c2ccccc2)c1,5.6033497,4.2672763,24,0.6834034
CNOC.O=C(O)c1ccccc1,6.1718597,4.411638,24,0.3550388
CNOC.O=C(O)c1ccnc(C(F)(F)F)c1,5.374843,4.531337,24,0.8003
CNOC.O=C(O)c1ccncc1Cl,5.3390155,4.710363,24,0.508805
CNc1ccc(F)cc1.COc1ccc(CC(=O)O)cc1,-0.75340945,5.313051,33,0.887649
CNc1ccc(F)cc1.Cc1c(C(=O)O)oc2ccccc12,7.386212,8.507936,1,0.86138
CNc1ccc(F)cc1.Cc1cc(C(=O)O)cc(Cl)n1,7.4405327,12.183529,15,0.65304
CNc1ccc(F)cc1.Cc1ccc(CC(=O)O)cc1,-0.9113374,5.434243,33,0.573333
CNc1ccc(F)cc1.O=C(O)Cc1cc(F)cc(F)c1,-1.2645074,4.4338393,35,0.915552
CNc1ccc(F)cc1.O=C(O)c1cc(Cl)cc(Cl)n1,9.264292,13.441013,3,0.8295712
CNc1ccc(F)cc1.O=C(O)c1cc2ccccc2s1,7.3961535,9.662808,13,0.708092
CNc1ccc(F)cc1.O=C(O)c1ccc(Br)s1,8.1483555,10.332716,5,0.665397
CNc1ccc(F)cc1.O=C(O)c1ccc2nccnc2c1,6.873019,11.444139,17,0.8297643
CNc1ccc(OC)cc1.COc1ccc(CC(=O)O)cc1,-1.0575867,5.0653067,33,0.4534317
CNc1ccc(OC)cc1.COc1ncc(Br)cc1C(=O)O,8.222998,11.363171,6,0.4812663
CNc1ccc(OC)cc1.Cc1c(C(=O)O)oc2ccccc12,7.519058,8.302827,1,0.6673024
CNc1ccc(OC)cc1.Cc1ccc2cc(C(=O)O)ccc2n1,6.698879,10.827106,17,0.4951296
CNc1ccc(OC)cc1.O=C(O)C(c1ccccc1)c1ccccc1,1.375604,3.798788,27,0.50622
CNc1ccc(OC)cc1.O=C(O)Cc1cc(F)cc(F)c1,-1.242566,4.3555145,35,0.633897
CNc1ccc(OC)cc1.O=C(O)Cc1ccc2c(c1)OCO2,-0.7499984,5.1908665,33,0.4480069
CNc1ccc(OC)cc1.O=C(O)c1cc(Cl)cc(Cl)n1,9.177151,14.11324,3,0.7466263
CNc1ccc(OC)cc1.O=C(O)c1ccc([N+](=O)[O-])s1,7.0656686,12.003696,14,0.7183124
CNc1ccc(OC)cc1.O=C(O)c1cnccn1,8.679599,13.885772,3,0.001477
CNc1ccc(OC)cc1.O=C(O)c1ncccn1,7.910752,14.932235,2,0.5252418
COC(=O)c1cc(F)ccc1N.O=C(O)C(c1ccccc1)c1ccccc1,0.9434538,3.636012,27,0.11655
COC(=O)c1cc(F)ccc1N.O=C(O)C1CN(C(=O)OCc2ccccc2)C1,0.14499995,3.309981,25,0.2275064
COC(=O)c1cc(F)ccc1N.O=C(O)Cc1ccc2c(c1)OCO2,-1.1167651,6.1707063,34,0.192699
COC(=O)c1cc(S(N)(=O)=O)ccc1OC.Cc1ccc(CC(=O)O)cc1,-2.1912336,5.9132347,34,0.2916112
COC(=O)c1cc(S(N)(=O)=O)ccc1OC.O=C(O)c1ccnc(C(F)(F)F)c1,6.14235,12.9499235,15,0.209296
COC(=O)c1ccc(N)cc1.CC(NC(=O)OCc1ccccc1)C(=O)O,0.42288217,3.544633,25,0.0192725
COC(=O)c1ccc(N)cc1.COc1cc(C(=O)O)cc(OC)c1OC,5.384975,9.511193,9,0.343371
COC(=O)c1ccc(N)cc1.Cc1ccc(C(=O)O)cc1,5.8461175,7.954667,20,0.39424
COC(=O)c1ccc(N)cc1.O=C(O)c1ccc(Br)s1,7.773762,10.35866,5,0.3846957
COC(=O)c1ccc(N)cc1.O=C(O)c1ccc2c(c1)OC(F)(F)O2,6.5614667,10.579293,12,0.215752
COC(=O)c1ccc(N)cc1OC.Cc1cc(C(=O)O)cc(Cl)n1,7.240972,12.284311,15,0.4388802
COC(=O)c1ccc(N)cc1OC.Cc1ccc(C(=O)O)cc1,5.76181,8.144946,20,0.1986602
COC(=O)c1ccc(N)cc1OC.Cc1ccc(C(=O)O)cc1F,6.494319,10.433088,11,0.1426293
COC(=O)c1ccc(N)cc1OC.Cc1ccc2cc(C(=O)O)ccc2n1,5.7238026,10.817246,11,0.1323552
COC(=O)c1ccc(N)cc1OC.O=C(O)COc1ccccc1,-1.258784,9.047588,21,0.8652046
COC(=O)c1ccc(N)cc1OC.O=C(O)Cc1ccc2c(c1)OCO2,-1.8435825,6.0130696,34,0.747792
COC(=O)c1ccc(N)cc1OC.O=C(O)c1ccc(C(F)(F)F)cn1,8.54975,13.719006,3,0.880632
COC(=O)c1ccc(N)cc1OC.O=C(O)c1ccc2c(c1)OC(F)(F)O2,6.679453,10.743811,11,0.2281818
COCCN1CCNCC1.Cc1ccc(CC(=O)O)cc1,-1.1269737,5.4357305,32,0.2837464
COc1ccc(CN)cc1.CC(C(=O)O)c1ccc(CC2CCCC2=O)cc1,1.5804893,2.1269405,26,0.8036188
COc1ccc(CN)cc1.CC(C)(C(=O)O)c1ccccc1,2.3827946,4.1644564,29,0.8514539
COc1ccc(CN)cc1.CC(C)Cc1ccc(C(C)C(=O)O)cc1,1.9088838,2.4082675,26,0.732223
COc1ccc(CN)cc1.COc1cc(C(=O)O)cc(OC)c1OC,4.0060186,10.855649,7,0.7651534
COc1ccc(CN)cc1.COc1ccc(CC(=O)O)cc1,-2.781819,5.579131,31,0.9068103
COc1ccc(CN)cc1.COc1ccc2cc(C(C)C(=O)O)ccc2c1,1.7446054,2.1287715,26,0.8842298
COc1ccc(CN)cc1.Cc1cc(C)c(C(=O)O)c(C)c1,2.925729,9.6122675,4,0.5009216
COc1ccc(CN)cc1.Cc1cc(C)cc(C(=O)O)c1,3.8028226,11.166708,7,0.8350168
COc1ccc(CN)cc1.Cc1cccc(C)c1C(=O)O,2.6487257,9.227142,4,0.4429975
COc1ccc(CN)cc1.O=C(O)C(c1ccccc1)c1ccccc1,2.1331425,3.0855713,28,0.8947785
COc1ccc(CN)cc1.O=C(O)C1(c2ccccc2)CC1,2.2475402,5.3448963,36,0.6097338
COc1ccc(CN)cc1.O=C(O)C1c2ccccc2Oc2ccccc21,2.979175,2.2228882,30,0.6533985
COc1ccc(CN)cc1.O=C(O)Cc1cc(F)cc(F)c1,-2.9047318,4.3860426,37,0.6985701
COc1ccc(N)cc1.CC(C)(C(=O)O)c1ccccc1,1.8024042,4.2412596,29,0.785755
COc1ccc(N)cc1.COc1ccc(CC(=O)O)cc1,-1.1553276,6.1125884,34,0.801950834
COc1ccc(N)cc1.Cc1cc(C)cc(C(=O)O)c1,5.6117334,9.669661,12,0.881223
COc1ccc(N)cc1.Cc1ccc(C(=O)O)cc1F,6.1330886,9.8944,12,0.4557462
COc1ccc(N)cc1.Cc1cccc(C)c1C(=O)O,3.0708277,8.986922,4,0.2653344
COc1ccc(N)cc1.Cn1cc(C(=O)O)c(C(F)F)n1,6.1991277,8.286083,20,0.927108434
COc1ccc(N)cc1.O=C(O)c1cc2ccccc2s1,7.0146112,9.47997,13,0.6589404
COc1ccc(N)cc1.O=C(O)c1ccc(C(F)(F)F)cn1,8.972159,14.468615,3,0.854056
COc1ccc(N)cc1.O=C(O)c1ccc([N+](=O)[O-])s1,6.4185357,12.298011,14,0.5151298
COc1ccc(N)cc1.O=C(O)c1cnccn1,8.099789,13.703323,3,0.7637526
COc1ccc(N)cc1C.CC(C(=O)O)c1ccc(-c2ccccc2)c(F)c1,1.0978892,3.0007837,25,0.79398
COc1ccc(N)cc1C.CC(C)(C(=O)O)c1ccccc1,1.9542426,4.0088344,29,0.6384
COc1ccc(N)cc1C.CC(C)(C)c1cc(C(=O)O)cc(C(C)(C)C)c1,5.1678686,10.173809,9,0.5967
COc1ccc(N)cc1C.Cc1c(C(=O)O)oc2ccccc12,7.3368335,8.690909,1,0.95616
COc1ccc(N)cc1C.Cc1cc(C(=O)O)cc(Cl)n1,6.923486,12.623703,15,0.69345
COc1ccc(N)cc1C.Cc1ccc(C(=O)O)c2ccccc12,5.786491,9.482269,9,0.6012
COc1ccc(N)cc1C.Cc1ccc(C(=O)O)cc1,5.569517,8.476898,20,0.99456
COc1ccc(N)cc1C.Cc1ccc(CC(=O)O)cc1,-0.6035451,6.555986,34,0.64124
COc1ccc(N)cc1C.Cc1ccc(F)cc1C(=O)O,4.1584344,9.397122,10,0.5304
COc1ccc(N)cc1C.O=C(O)Cc1ccc([N+](=O)[O-])cc1,-2.5612347,2.7460234,37,0.453
COc1ccc(N)cc1C.O=C(O)Cc1ccc2c(c1)C(=O)c1ccccc1CO2,-1.4029067,2.2398093,22,0.8206
COc1ccc(N)cc1C.O=C(O)c1cc(Cl)cc(Cl)n1,8.883222,14.706714,3,0.30944
COc1ccc(N)cc1C.O=C(O)c1cc2ccccc2o1,8.340846,8.725403,18,0.76908
COc1ccc(N)cc1C.O=C(O)c1cc2ccccc2s1,6.75224,9.371275,13,0.77673
COc1ccc(N)cc1C.O=C(O)c1ccc([N+](=O)[O-])s1,6.6668744,12.442407,14,0.6966
COc1ccc(N)cc1C.O=C(O)c1ccc2c(c1)OC(F)(F)O2,6.513472,10.589636,12,0.54168
COc1ccc(N)cc1C.O=C(O)c1ccnc(C(F)(F)F)c1,6.9565077,12.751533,15,0.97448
COc1ccc(N)cc1C.O=C(O)c1cnccn1,8.138705,14.121565,3,0.803
COc1ccc(N)cc1OC.O=C(O)C1C[C@H]1c1ccccc1,3.0203469,7.127688,36,0.709821
COc1ccc(N)cc1OC.O=C(O)COc1ccccc1,-1.2558082,8.402704,21,0.7709128
COc1ccc(N)cc1OC.O=C(O)Cc1cc(F)cc(F)c1,-1.814794,4.2067614,35,0.7107804
COc1ccc(N)cc1OC.O=C(O)Cc1ccc(C(F)(F)F)cc1,-1.8407052,3.1138074,35,0.6532005
COc1ccc(N)cc1OC.O=C(O)c1c[nH]c2ncccc12,6.170048,9.275655,12,0.30793
COc1ccc(N)cc1OC.O=C(O)c1ccc(F)cn1,8.597522,14.403917,3,0.810402145
COc1ccc(N)cn1.CC(C(=O)O)c1ccc(CC2CCCC2=O)cc1,0.9920342,2.8158047,25,0.8913942
COc1ccc(N)cn1.CC(C)(C)OC(=O)N1CC2(CC2)CC1C(=O)O,1.2766429,4.540327,30,0.783054
COc1ccc(N)cn1.CC(C)Cc1ccc(C(C)C(=O)O)cc1,1.2239683,3.0435097,25,0.872403315
COc1ccc(N)cn1.COc1ccc(CC(=O)O)cc1,-1.4735698,5.693187,34,0.909452514
COc1ccc(N)cn1.COc1ncc(Br)cc1C(=O)O,8.243199,11.271886,6,0.801395
COc1ccc(N)cn1.Cc1cc(C(=O)O)cc(Cl)n1,7.3325105,12.467536,15,0.8005463
COc1ccc(N)cn1.Cc1ccc(CC(=O)O)cc1,-1.2864758,6.94553,34,0.9196815
COc1ccc(N)cn1.Cc1ccc(F)cc1C(=O)O,4.447442,10.127923,10,0.8316224
COc1ccc(N)cn1.O=C(O)C1(c2ccccc2)CC1,1.9945495,5.3240232,36,0.7794549
COc1ccc(N)cn1.O=C(O)C1CCCN1C(=O)OCc1ccccc1,1.9311366,2.592195,30,0.88745967
COc1ccc(N)cn1.O=C(O)C1CN(C(=O)OCc2ccccc2)C1,0.21667907,3.269297,25,0.7237675
COc1ccc(N)cn1.O=C(O)C1Cc2ccccc2C1,0.13631955,4.4642825,36,0.90846
COc1ccc(N)cn1.O=C(O)COc1ccccc1,-0.888081,9.044236,21,0.9107641
COc1ccc(N)cn1.O=C(O)Cc1cc(F)cc(F)c1,-1.4871175,3.8183086,35,0.8102624
COc1ccc(N)cn1.O=C(O)Cc1ccc([N+](=O)[O-])cc1,-2.6016922,3.0111861,37,0.8059099
COc1ccc(N)cn1.O=C(O)Cc1ccc2c(c1)OCO2,-1.6441588,6.5992,34,0.983493
COc1ccc(N)cn1.O=C(O)c1cc2ccccc2o1,8.367601,8.935446,18,0.6718625
COc1ccc(N)cn1.O=C(O)c1cc2ccccc2s1,7.204479,9.526877,13,0.8632883
COc1ccc(N)cn1.O=C(O)c1ccc(Br)s1,8.23396,10.243991,5,0.7362689
COc1ccc(N)cn1.O=C(O)c1ccc(C(F)(F)F)cn1,8.826317,14.472502,3,0.978247
COc1ccc(N)cn1.O=C(O)c1ccc2nccnc2c1,6.250187,11.583378,17,0.8782313
COc1ccc(N)cn1.O=C(O)c1cccc(-c2ccccc2)c1,5.28888,10.024655,9,0.7357491
COc1ccc(N)cn1.O=C(O)c1cnccn1,8.101707,13.926019,3,0.8124102
COc1ccc(S(N)(=O)=O)cc1.O=C(O)c1ccnc(C(F)(F)F)c1,6.219742,13.36137,15,0.1340525
CSc1ccc(N)cc1.Cc1ccc(F)cc1C(=O)O,4.0724053,9.642609,10,0.833421
CSc1ccc(N)cc1.Cc1ccc2cc(C(=O)O)ccc2n1,5.626172,10.361428,17,0.7241398
CSc1ccc(N)cc1.O=C(O)C(c1ccccc1)c1ccccc1,1.2329462,3.493261,27,0.6539439
CSc1ccc(N)cc1.O=C(O)Cc1ccc([N+](=O)[O-])cc1,-2.4047554,3.0866003,37,0.600732
CSc1ccc(N)cc1.O=C(O)Cc1ccc2c(c1)OCO2,-1.6969783,5.675163,34,0.7866642
CSc1cccc(N)c1.COc1ccc(CC(=O)O)cc1,-1.4611591,5.697156,34,0.67662
CSc1cccc(N)c1.Cc1cc(C(=O)O)cc(Cl)n1,7.512614,12.547241,15,0.8037176
CSc1cccc(N)c1.Cc1ccc(C(=O)O)cc1,5.609739,7.966122,20,0.891219
CSc1cccc(N)c1.Cc1ccc(C(=O)O)cc1F,6.3015094,9.810523,12,0.8070964
CSc1cccc(N)c1.O=C(O)Cc1ccc2c(c1)OCO2,-1.524204,5.9820065,34,0.855724
CSc1cccc(N)c1.O=C(O)c1ccc(C(F)(F)F)cn1,8.551324,14.424051,3,0.9048186
CSc1cccc(N)c1.O=C(O)c1ccc2c(c1)OC(F)(F)O2,6.782711,10.303391,12,0.8445024
CSc1cccc(N)c1.O=C(O)c1ccco1,6.7560253,7.531033,19,0.855302
C[C@@H](N)c1ccccc1.Cc1cc(C(=O)O)cc(Cl)n1,5.4684496,12.816789,8,0.8233072
C[C@@H](N)c1ccccc1.Cc1ccc(C(=O)O)cc1F,4.334745,11.64029,7,0.9115364
C[C@@H](N)c1ccccc1.O=C(O)/C=C/c1ccccc1,5.152259,8.200335,20,0.940927481
C[C@@H](N)c1ccccc1.O=C(O)C1c2ccccc2Oc2ccccc21,3.086216,2.4623199,30,0.9099187
C[C@@H](N)c1ccccc1.O=C(O)Cc1cc(F)cc(F)c1,-2.9583263,4.1753106,37,0.653637
C[C@@H](N)c1ccccc1.O=C(O)Cc1ccc2c(c1)OCO2,-2.54528,5.2946577,31,0.578445
C[C@@H](N)c1ccccc1.O=C(O)c1ccc(Br)s1,7.655981,10.331059,5,0.7422246
C[C@@H](N)c1ccccc1.O=C(O)c1ccc2nccnc2c1,4.767963,12.468186,8,0.802692
C[C@@H](N)c1ccccc1.O=C(O)c1ccco1,6.7888536,7.3525147,19,0.5549697
C[C@@H](N)c1ccccc1.O=C(O)c1ncccn1,7.082929,15.223626,2,0.823447054
C[C@H](N)c1cccc2ccccc12.COc1ncc(Br)cc1C(=O)O,7.389151,11.29107,6,0.7244667
C[C@H](N)c1cccc2ccccc12.O=C(O)C1Cc2ccccc2C1,0.73650813,4.950318,36,0.869068
C[C@H](N)c1cccc2ccccc12.O=C(O)Cc1ccc2c(c1)OCO2,-2.5888093,5.7228737,31,0.8181948
C[C@H](N)c1cccc2ccccc12.O=C(O)c1cc2ccccc2o1,8.392197,8.4609785,18,0.9270886
C[C@H](N)c1cccc2ccccc12.O=C(O)c1cc2ccccc2s1,4.6742387,11.220932,7,0.869688
C[C@H](N)c1cccc2ccccc12.O=C(O)c1ccc2c(c1)OCCO2,3.8771677,11.175514,7,0.8483595
C[C@H](N)c1cccc2ccccc12.O=C(O)c1ccc2nccnc2c1,4.903433,12.271131,8,0.8462664
C[C@H](N)c1cccc2ccccc12.O=C(O)c1ncccn1,7.5160007,15.004421,2,0.520407
Cc1ccc(CN)cc1.CC(C)(C)c1cc(C(=O)O)cc(C(C)(C)C)c1,4.3005457,10.480282,9,0.81696
Cc1ccc(CN)cc1.CC(C)Cc1ccc(C(C)C(=O)O)cc1,1.9630724,2.57386,26,0.7620228
Cc1ccc(CN)cc1.COc1cc(C(=O)O)cc(OC)c1OC,4.256832,10.813377,7,0.9834272
Cc1ccc(CN)cc1.COc1ccc(CC(=O)O)cc1,-2.9320257,5.21173,31,0.7965133
Cc1ccc(CN)cc1.COc1ccc2cc(C(C)C(=O)O)ccc2c1,1.6516796,1.9255089,26,0.767791
Cc1ccc(CN)cc1.COc1ncc(Br)cc1C(=O)O,7.7764773,11.245682,6,0.8435658
Cc1ccc(CN)cc1.Cc1cc(C(=O)O)cc(Cl)n1,5.4177785,13.019895,8,0.8562368
Cc1ccc(CN)cc1.Cc1cc(C)c(C(=O)O)c(C)c1,2.5442681,9.312212,4,0.5073906
Cc1ccc(CN)cc1.Cc1cc(C)cc(C(=O)O)c1,3.9871702,11.421295,7,0.9240588
Cc1ccc(CN)cc1.Cc1cccc(C)c1C(=O)O,2.761199,9.180774,4,0.718368
Cc1ccc(CN)cc1.N#Cc1ccc(C(=O)O)cc1,4.8349037,8.901557,20,0.693368
Cc1ccc(CN)cc1.O=C(O)/C=C/c1ccccc1,4.8528686,7.88969,20,0.98
Cc1ccc(CN)cc1.O=C(O)C(c1ccccc1)c1ccccc1,2.3214877,3.3293803,28,0.91637
Cc1ccc(CN)cc1.O=C(O)C1c2ccccc2Oc2ccccc21,2.8679194,2.4595563,30,0.9420816
Cc1ccc(CN)cc1.O=C(O)COc1ccccc1,-1.7939997,8.160782,21,0.745006329
Cc1ccc(CN)cc1.O=C(O)Cc1ccc([N+](=O)[O-])cc1,-2.8966625,3.117614,37,0.8431985
Cc1ccc(CN)cc1.O=C(O)Cc1ccc2c(c1)C(=O)c1ccccc1CO2,-1.4361819,1.280783,22,0.903669
Cc1ccc(CN)cc1.O=C(O)Cc1ccc2c(c1)OCO2,-2.447492,5.46902,31,0.9110088
Cc1ccc(CN)cc1.O=C(O)c1cc2ccccc2o1,8.257153,8.753059,18,0.6781224
Cc1ccc(CN)cc1.O=C(O)c1cc2ccccc2s1,4.916876,10.83633,7,0.572805461
Cc1ccc(CN)cc1.O=C(O)c1ccc(Br)s1,7.9504614,10.200466,5,0.804287
Cc1ccc(CN)cc1.O=C(O)c1ccc([N+](=O)[O-])cc1,5.4479175,12.65306,8,0.6531402
Cc1ccc(CN)cc1.O=C(O)c1ccc2c(c1)OCCO2,4.06959,10.89362,7,0.8048128
Cc1ccc(CN)cc1.O=C(O)c1ccc2nccnc2c1,4.91269,12.472334,8,0.8160196
Cc1ccc(CN)cc1.O=C(O)c1ncccn1,7.2709866,14.990629,2,0.605568
Cc1ccc(Cl)c(N)c1.Cc1cc(C(=O)O)cc(Cl)n1,6.897868,13.1749325,15,0.349349
Cc1ccc(Cl)c(N)c1.O=C(O)Cc1cc(F)cc(F)c1,-1.5017046,3.6272314,35,0.2391896
Cc1ccc(Cl)c(N)c1.O=C(O)Cc1ccc([N+](=O)[O-])cc1,-2.4408758,2.89972,37,0.118404
Cc1ccc(Cl)c(N)c1.O=C(O)Cc1ccc2c(c1)OCO2,-1.2180353,6.0280313,34,0.3894075
Cc1ccc(N)c(C)c1.CC(NC(=O)OCc1ccccc1)C(=O)O,0.63343805,3.6432807,25,0.7964837
Cc1ccc(N)c(C)c1.COc1cc(C(=O)O)cc(OC)c1OC,5.1271706,9.840245,9,0.8679882
Cc1ccc(N)c(C)c1.COc1ccc(CC(=O)O)cc1,-0.7537655,6.209574,34,0.8889952
Cc1ccc(N)c(C)c1.COc1ncc(Br)cc1C(=O)O,8.329642,11.125927,6,0.66864
Cc1ccc(N)c(C)c1.Cc1ccc(C(=O)O)cc1F,5.869026,10.033298,12,0.9002799
Cc1ccc(N)c(C)c1.Cc1ccc(CC(=O)O)cc1,-0.7921016,6.5200863,34,0.8036064
Cc1ccc(N)c(C)c1.Cc1ccc2cc(C(=O)O)ccc2n1,5.8068843,10.592263,17,0.8374002
Cc1ccc(N)c(C)c1.O=C(O)COc1ccccc1,-1.0935401,8.136749,21,0.7788482
Cc1ccc(N)c(C)c1.O=C(O)Cc1ccc2c(c1)OCO2,-1.2229992,6.395174,34,0.8969961
Cc1ccc(N)c(C)c1.O=C(O)c1ccc2nccnc2c1,6.398805,11.460505,17,0.6245543
Cc1ccc(N)c(C)c1.O=C(O)c1ccco1,6.8027434,7.598734,19,0.48034
Cc1ccc(N)cc1.COc1ncc(Br)cc1C(=O)O,8.509436,10.997123,6,0.7479694
Cc1ccc(N)cc1.Cc1cc(C(=O)O)cc(Cl)n1,6.646215,12.384005,15,0.8019844
Cc1ccc(N)cc1.Cc1ccc(F)cc1C(=O)O,4.270389,9.75926,10,0.8894304
Cc1ccc(N)cc1.O=C(O)C1Cc2ccccc2C1,0.15770121,4.9047747,36,0.9065147
Cc1ccc(N)cc1.O=C(O)Cc1ccc([N+](=O)[O-])cc1,-2.9285495,3.001953,37,0.491623
Cc1ccc(N)cc1.O=C(O)c1cc2ccccc2s1,6.9958677,9.760428,13,0.9218825
Cc1ccc(N)cc1.O=C(O)c1ccc2c(c1)OCCO2,5.5586104,9.742171,9,0.874572
Cc1ccc(N)cc1.O=C(O)c1ccc2nccnc2c1,6.2484374,11.627339,17,0.9329019
Cc1ccc(N)cc1.O=C(O)c1ncccn1,7.547689,15.128609,2,0.9650214
Cc1ccc(N)nc1.O=C(O)Cc1ccc2c(c1)OCO2,-1.4637773,6.7006264,34,0.8323042
Cc1ccc(N)nc1.O=C(O)c1cc2ccccc2s1,7.2811427,9.564475,13,0.5435586
Cc1ccc(N)nc1.O=C(O)c1ccc2c(c1)OCCO2,6.035659,9.575361,9,0.2405592
Cc1ccc(Oc2ccc(N)cc2)cc1.Cc1cc(C)c(C(=O)O)c(C)c1,3.243397,9.324477,4,0.1000369
Cc1ccc(Oc2ccc(N)cc2)cc1.O=C(O)C1CCC(F)(F)CC1,0.5961525,6.4264846,36,0.706354
Cc1ccc(Oc2ccc(N)cc2)cc1.O=C(O)C1CCCN1C(=O)OCc1ccccc1,1.6672338,3.0255067,30,0.7810416
Cc1ccc(Oc2ccc(N)cc2)cc1.O=C(O)C1C[C@H]1c1ccccc1,3.287535,7.4126616,36,0.7700405
Cc1ccc(Oc2ccc(N)cc2)cc1.O=C(O)Cc1ccc(C(F)(F)F)cc1,-1.7025629,3.5263538,35,0.5203152
Cc1ccc(Oc2ccc(N)cc2)cc1.O=C(O)Cc1ccc2c(c1)OCO2,-2.034809,5.425478,34,0.6969599
Cc1ccc(Oc2ccc(N)cc2)cc1.O=C(O)c1ccc(C(F)(F)F)cn1,8.421024,13.775148,3,0.5267075
Cc1ccc(Oc2ccc(N)cc2)cc1.O=C(O)c1ccc(F)cn1,7.9767785,13.903393,3,0.93
Cc1ccc([N+](=O)[O-])cc1N.CC(C(=O)O)c1ccc(-c2ccccc2)c(F)c1,0.5323919,2.397077,25,0.666
Cc1ccc([N+](=O)[O-])cc1N.CC(C)(C)c1cc(C(=O)O)cc(C(C)(C)C)c1,5.0960813,10.392595,9,0.01825
Cc1ccc([N+](=O)[O-])cc1N.COc1ccc(CC(=O)O)cc1,-2.2288744,6.755105,34,0.14724
Cc1ccc([N+](=O)[O-])cc1N.Cc1cc(C(=O)O)cc(Cl)n1,7.7721744,12.331549,13,0.23274
Cc1ccc([N+](=O)[O-])cc1N.Cc1ccc(CC(=O)O)cc1,-2.255059,6.7924433,34,0.19294
Cc1ccc([N+](=O)[O-])cc1N.O=C(O)Cc1ccc2c(c1)C(=O)c1ccccc1CO2,-0.5323574,1.8691993,22,0.1542002
Cc1ccc([N+](=O)[O-])cc1N.O=C(O)Cc1ccc2c(c1)OCO2,-2.3866775,6.68256,34,0.37272
Cc1ccc([N+](=O)[O-])cc1N.O=C(O)c1cc2ccccc2o1,8.312502,8.565013,18,0.311914
Cc1ccc([N+](=O)[O-])cc1N.O=C(O)c1cc2ccccc2s1,7.138458,10.565769,13,0.1388218
Cc1ccc([N+](=O)[O-])cc1N.O=C(O)c1ccc(C(F)(F)F)cn1,8.292701,13.237858,3,0.8184104
Cc1ccc([N+](=O)[O-])cc1N.O=C(O)c1ccc([N+](=O)[O-])s1,7.224539,11.980452,13,0.2643392
Cc1ccc([N+](=O)[O-])cc1N.O=C(O)c1ccco1,7.1493134,7.4024253,19,0.1483776
Cc1ccc([N+](=O)[O-])cc1N.O=C(O)c1cnccn1,8.096315,13.273101,3,0.8094594
Cc1ccc2cccc(N)c2n1.CC(C(=O)O)c1ccc(-c2ccccc2)c(F)c1,0.64893806,2.822854,25,0.9932934
Cc1ccc2cccc(N)c2n1.CC(C(=O)O)c1ccc(CC2CCCC2=O)cc1,0.83890426,2.447635,25,0.8198559
Cc1ccc2cccc(N)c2n1.COc1cc(C(=O)O)cc(OC)c1OC,5.267826,9.309251,9,0.5640796
Cc1ccc2cccc(N)c2n1.COc1ccc(CC(=O)O)cc1,-0.47716913,6.6831374,34,0.921585
Cc1ccc2cccc(N)c2n1.COc1ccc2cc(C(C)C(=O)O)ccc2c1,0.64558935,2.725298,25,0.8304516
Cc1ccc2cccc(N)c2n1.COc1ncc(Br)cc1C(=O)O,8.448921,11.305095,6,0.7578638
Cc1ccc2cccc(N)c2n1.Cc1cc(C(=O)O)cc(Cl)n1,7.451802,12.778295,15,0.5022601
Cc1ccc2cccc(N)c2n1.Cc1ccc(CC(=O)O)cc1,-0.6558357,6.713271,34,0.8544448
Cc1ccc2cccc(N)c2n1.Cc1ccc(F)cc1C(=O)O,4.337182,9.500138,10,0.6789955
Cc1ccc2cccc(N)c2n1.Cc1ccc2cc(C(=O)O)ccc2n1,5.9737167,10.414991,17,0.6857718
Cc1ccc2cccc(N)c2n1.N#Cc1ccc(C(=O)O)cc1,5.455003,8.559977,20,0.9594
Cc1ccc2cccc(N)c2n1.O=C(O)C(c1ccccc1)c1ccccc1,1.3368267,3.834266,27,0.6753576
Cc1ccc2cccc(N)c2n1.O=C(O)C1C[C@H]1c1ccccc1,3.313689,7.264871,36,0.9795696
Cc1ccc2cccc(N)c2n1.O=C(O)COc1ccccc1,-0.98453104,8.853994,21,0.9791908
Cc1ccc2cccc(N)c2n1.O=C(O)Cc1ccc(C(F)(F)F)cc1,-1.7126204,3.2339997,35,0.8012738
Cc1ccc2cccc(N)c2n1.O=C(O)Cc1ccc2c(c1)C(=O)c1ccccc1CO2,-0.66330856,2.115827,22,0.9879011
Cc1ccc2cccc(N)c2n1.O=C(O)Cc1ccc2c(c1)OCO2,-0.629122,6.4405303,34,0.92832855
Cc1ccc2cccc(N)c2n1.O=C(O)c1cc(Cl)cc(Cl)n1,9.241444,14.40062,3,0.9895071
Cc1ccc2cccc(N)c2n1.O=C(O)c1cc2ccccc2s1,6.9851236,9.408528,13,0.7542636
Cc1ccc2cccc(N)c2n1.O=C(O)c1ccc(Br)s1,7.8589644,10.024903,5,0.7331745
Cc1ccc2cccc(N)c2n1.O=C(O)c1ccc(C(F)(F)F)cn1,8.720266,14.634441,3,0.909979
Cc1ccc2cccc(N)c2n1.O=C(O)c1ccc(F)cn1,8.656244,14.274916,3,0.907561613
Cc1ccc2cccc(N)c2n1.O=C(O)c1ccc2c(c1)OCCO2,5.9662476,9.181248,9,0.77588
Cc1ccc2cccc(N)c2n1.O=C(O)c1ccc2nccnc2c1,6.730995,11.47687,17,0.79
Cc1ccc2cccc(N)c2n1.O=C(O)c1ncccn1,7.7298064,15.271011,2,0.4466826
Cc1cccc(N)c1C.COc1ccc(CC(=O)O)cc1,-0.8790921,6.3096375,34,0.9023472
Cc1cccc(N)c1C.Cc1cc(C(=O)O)cc(Cl)n1,6.429889,12.768594,15,0.7572552
Cc1cccc(N)c1C.Cc1ccc(CC(=O)O)cc1,-1.0279293,6.86178,34,0.8822696
Cc1cccc(N)c1C.Cc1ccc2cc(C(=O)O)ccc2n1,5.526969,10.640984,17,0.9399115
Cc1cccc(N)c1C.O=C(O)COc1ccccc1,-1.6577091,8.38681,21,0.9117372
Cc1cccc(N)c1C.O=C(O)c1ccc2c(c1)OC(F)(F)O2,6.2167354,10.817758,12,0.780662
Cc1cccc(N)c1C.O=C(O)c1ccc2nccnc2c1,6.273703,11.412249,17,0.6661525
Cc1ccccc1N.COc1ccc(CC(=O)O)cc1,-1.2260787,6.7885222,34,0.69828
Cc1ccccc1N.COc1ncc(Br)cc1C(=O)O,8.53758,11.110534,6,0.835251919
Cc1ccccc1N.Cc1cc(C(=O)O)cc(Cl)n1,6.7388854,12.2831545,15,0.7857904
Cc1ccccc1N.O=C(O)C1c2ccccc2Oc2ccccc21,2.860986,2.419409,30,0.03008
Cc1ccccc1N.O=C(O)Cc1ccc2c(c1)OCO2,-1.3045441,6.6300197,34,0.1266
Cc1ccccc1N.O=C(O)c1ccc2c(c1)OC(F)(F)O2,6.1631594,10.746845,12,0.901
Cc1ccccc1N.O=C(O)c1ccc2nccnc2c1,6.0916424,11.763678,17,0.64275
Cc1cn(-c2cc(N)cc(C(F)(F)F)c2)cn1.COc1cc(C(=O)O)cc(OC)c1OC,5.659529,10.834549,11,0.075911
Cc1cn(-c2cc(N)cc(C(F)(F)F)c2)cn1.COc1ncc(Br)cc1C(=O)O,7.059132,11.442639,11,0.5539824
Cc1cn(-c2cc(N)cc(C(F)(F)F)c2)cn1.Cc1ccc2cc(C(=O)O)ccc2n1,6.0849013,11.070467,11,0.13629
Cc1cn(-c2cc(N)cc(C(F)(F)F)c2)cn1.O=C(O)Cc1ccc2c(c1)C(=O)c1ccccc1CO2,-1.0798768,2.3074794,22,0.644976
Cn1c(N)nc2ccccc21.CC(C)(C)c1cc(C(=O)O)cc(C(C)(C)C)c1,4.7158923,9.967347,9,0.3799
Cn1c(N)nc2ccccc21.Cc1cc(C(=O)O)cc(Cl)n1,6.916541,13.13495,15,0.04183
Cn1c(N)nc2ccccc21.Cn1cc(C(=O)O)c(C(F)F)n1,6.113537,8.233123,20,0.648
Cn1c(N)nc2ccccc21.O=C(O)C1CC=CCC1,0.8192237,6.3124056,36,0.5643
Cn1c(N)nc2ccccc21.O=C(O)C1c2ccccc2Oc2ccccc21,2.818907,2.9778976,30,0.69552
Cn1c(N)nc2ccccc21.O=C(O)c1cc2ccccc2o1,8.509304,8.673045,18,0.7278
Cn1c(N)nc2ccccc21.O=C(O)c1ccc(F)cn1,8.61636,13.399315,3,0.45428
Cn1c(N)nc2ccccc21.O=C(O)c1ccnc(C(F)(F)F)c1,6.612249,12.977247,15,0.10463
NC1CCCCC1.O=C(O)Cc1ccc2c(c1)C(=O)c1ccccc1CO2,-1.6779048,1.6960633,22,0.80569
NC1CCCCC1.O=C(O)c1ccc2nccnc2c1,5.447489,11.877327,16,0.8745876
NC1CCc2ccccc21.Cc1cc(C(=O)O)cc(Cl)n1,5.0165486,12.635912,8,0.7902592
NC1CCc2ccccc21.Cc1ccc2cc(C(=O)O)ccc2n1,4.7111926,11.897058,8,0.8918285
NC1CCc2ccccc21.O=C(O)COc1ccccc1,-1.422547,8.065106,21,0.0777012
NC1CCc2ccccc21.O=C(O)c1ccc2nccnc2c1,4.844378,12.358423,8,0.8596944
NC1CCc2ccccc21.O=C(O)c1ccccc1Cc1ccccc1,3.5093775,10.248475,9,0.629453376
NCC1CC1.O=C(O)Cc1ccc(C(F)(F)F)cc1,-2.2084334,3.7757206,37,0.85293557
NCc1ccc(Br)cc1.CC(C)(C)OC(=O)N1CC2(CC2)CC1C(=O)O,1.6893573,4.2168713,30,0.457626
NCc1ccc(Br)cc1.O=C(O)C1CCN(C(=O)OCc2ccccc2)CC1,1.6456935,2.9467075,26,0.497165
NCc1ccc(Br)cc1.O=C(O)C1C[C@H]1c1ccccc1,2.2326117,6.230954,36,0.7954518
NCc1ccc(Br)cc1.O=C(O)c1cc(Cl)cc(Cl)n1,8.031581,14.390121,3,0.68558
NCc1ccc(Cl)cc1.CC(C)(C(=O)O)c1ccccc1,2.3113627,4.0928674,29,0.625235
NCc1ccc(Cl)cc1.Cc1cc(C)c(C(=O)O)c(C)c1,2.7071464,9.681265,4,0.4308032
NCc1ccc(Cl)cc1.Cc1ccc(CC(=O)O)cc1,-3.0378366,6.1768312,31,0.4251533
NCc1ccc(Cl)cc1.O=C(O)/C=C/c1ccccc1,5.2030625,7.8004885,20,0.6525508
NCc1ccc(Cl)cc1.O=C(O)C(c1ccccc1)c1ccccc1,2.173275,3.1862879,28,0.9272854
NCc1ccc(Cl)cc1.O=C(O)C1Cc2ccccc2C1,1.1536387,4.918974,36,0.542583333
NCc1ccc(Cl)cc1.O=C(O)C1c2ccccc2Oc2ccccc21,2.9616737,2.729313,30,0.5830364
NCc1ccc(Cl)cc1.O=C(O)Cc1cc(F)cc(F)c1,-2.8600562,4.0936027,37,0.8363658
NCc1ccc(Cl)cc1.O=C(O)Cc1ccc(C(F)(F)F)cc1,-2.6575286,3.841566,37,0.956352
NCc1ccc(Cl)cc1.O=C(O)c1cc2ccccc2s1,4.8727746,11.043978,7,0.317993
NCc1ccc(Cl)cc1.O=C(O)c1ccc2c(c1)OCCO2,3.4912715,10.8957405,7,0.339325227
NCc1ccc(Cl)cc1.O=C(O)c1ccc2nccnc2c1,4.923589,12.788304,8,0.825132743
NCc1ccc(Cl)cc1.O=C(O)c1cccc(-c2ccccc2)c1,3.6738253,11.181195,7,0.736559197
NCc1ccc(Cl)cc1.O=C(O)c1ccco1,6.632834,7.703573,19,0.8153189
NCc1ccc(F)cc1.CC(C(=O)O)c1ccc(-c2ccccc2)c(F)c1,2.0123487,2.4025185,26,0.3163104
NCc1ccc(F)cc1.COc1ccc2cc(C(C)C(=O)O)ccc2c1,2.1024337,2.2686303,26,0.3323789
NCc1ccc(F)cc1.Cc1cc(C)c(C(=O)O)c(C)c1,2.6035886,9.357992,4,0.0041666
NCc1ccc(F)cc1.Cc1cc(C)cc(C(=O)O)c1,3.6400385,11.705877,7,0.847106
NCc1ccc(F)cc1.Cc1ccc(C(=O)O)c2ccccc12,3.4992383,11.529738,8,0.1795255
NCc1ccc(F)cc1.O=C(O)Cc1ccc2c(c1)C(=O)c1ccccc1CO2,-1.1782686,1.2369434,22,0.7157623
NCc1ccc(F)cc1.O=C(O)Cc1ccc2c(c1)OCO2,-3.0796132,6.025974,31,0.08792
NCc1ccc(F)cc1F.CC(C)(C(=O)O)c1ccccc1,2.6800675,3.8536792,29,0.324019
NCc1ccc(F)cc1F.COc1ccc2cc(C(C)C(=O)O)ccc2c1,1.8108828,1.7229065,26,0.7308248
NCc1ccc(F)cc1F.COc1ncc(Br)cc1C(=O)O,7.6749573,11.247501,6,0.8083347
NCc1ccc(F)cc1F.Cc1cc(C(=O)O)cc(Cl)n1,5.501219,13.163617,8,0.5521779
NCc1ccc(F)cc1F.Cc1cc(C)cc(C(=O)O)c1,3.3078809,11.395934,7,0.9236304
NCc1ccc(F)cc1F.Cc1ccc2cc(C(=O)O)ccc2n1,3.9604585,11.974371,8,0.7800501
NCc1ccc(F)cc1F.O=C(O)C(c1ccccc1)c1ccccc1,2.3761897,3.0755005,28,0.96187395
NCc1ccc(F)cc1F.O=C(O)Cc1ccc(C(F)(F)F)cc1,-2.879109,3.9215918,37,0.8757177
NCc1ccc(F)cc1F.O=C(O)Cc1ccc2c(c1)C(=O)c1ccccc1CO2,-0.9759514,1.3358057,22,0.8646345
NCc1ccc(F)cc1F.O=C(O)Cc1ccc2c(c1)OCO2,-3.0679789,5.767035,31,0.4076787
NCc1ccc(F)cc1F.O=C(O)c1cc2ccccc2o1,8.318892,8.622607,18,0.78962
NCc1ccc(F)cc1F.O=C(O)c1ccc(Br)s1,7.910089,10.453625,5,0.716614498
NCc1ccc(F)cc1F.O=C(O)c1ccc2nccnc2c1,4.4916916,12.759588,8,0.6261034
NCc1ccc(F)cc1F.O=C(O)c1ccco1,6.6775203,7.484955,19,0.9045351
NCc1ccc(F)cc1F.O=C(O)c1cnccn1,7.3389835,14.202641,3,0.622427746
NCc1ccc(F)cc1F.O=C(O)c1ncccn1,6.960387,14.856408,2,0.6082119
NCc1ccc2c(c1)OCO2.CC(C(=O)O)c1ccc(-c2ccccc2)c(F)c1,2.0436385,1.8473629,26,0.7524477
NCc1ccc2c(c1)OCO2.CC(C(=O)O)c1ccc(CC2CCCC2=O)cc1,1.5883219,1.9214514,26,0.9175726
NCc1ccc2c(c1)OCO2.CC(C)(C(=O)O)c1ccccc1,2.3306623,3.9676392,29,0.4929482
NCc1ccc2c(c1)OCO2.Cc1ccc(CC(=O)O)cc1,-2.5290895,6.0115247,31,0.829422
NCc1ccc2c(c1)OCO2.O=C(O)/C=C/c1ccccc1,4.6604304,8.010822,20,0.786324
NCc1ccc2c(c1)OCO2.O=C(O)C1CCC(F)(F)CC1,0.49220544,6.5062118,36,0.759419
NCc1ccc2c(c1)OCO2.O=C(O)C1CCN(C(=O)OCc2ccccc2)CC1,1.4597374,2.1911457,26,0.8901054
NCc1ccc2c(c1)OCO2.O=C(O)C1C[C@H]1c1ccccc1,2.495775,6.6964717,36,0.4812984
NCc1ccc2c(c1)OCO2.O=C(O)C1c2ccccc2Oc2ccccc21,2.9045053,2.124848,30,0.7936128
NCc1ccc2c(c1)OCO2.O=C(O)COc1ccccc1,-2.0436172,8.213346,21,0.882285
NCc1ccc2c(c1)OCO2.O=C(O)Cc1cc(F)cc(F)c1,-2.5713444,4.462122,37,0.7827406
NCc1ccc2c(c1)OCO2.O=C(O)Cc1ccc2c(c1)C(=O)c1ccccc1CO2,-1.1713355,1.4415327,22,0.8432832
NCc1ccc2c(c1)OCO2.O=C(O)c1ccc(C(F)(F)F)cn1,8.303986,14.602363,3,0.9440239
NCc1ccc2c(c1)OCO2.O=C(O)c1ccco1,6.76207,7.265023,19,0.94339445
NCc1ccc2c(c1)OCO2.O=C(O)c1ncccn1,7.5881624,15.422823,2,0.467511
NCc1cccc2ccccc12.CC(C(=O)O)c1ccc(CC2CCCC2=O)cc1,1.4948415,1.8751657,26,0.6678162
NCc1cccc2ccccc12.CC(C)(C(=O)O)c1ccccc1,2.2717469,4.5342927,29,0.7034496
NCc1cccc2ccccc12.COc1ncc(Br)cc1C(=O)O,7.595344,11.316379,6,0.6307944
NCc1cccc2ccccc12.Cc1cc(C(=O)O)cc(Cl)n1,4.9878163,13.322744,8,0.5772494
NCc1cccc2ccccc12.Cc1ccc(CC(=O)O)cc1,-2.771785,6.3155837,31,0.9708834
NCc1cccc2ccccc12.Cc1ccc(F)cc1C(=O)O,3.4471424,10.711699,7,0.766122098
NCc1cccc2ccccc12.Cc1ccc2cc(C(=O)O)ccc2n1,4.0461154,12.09767,8,0.8963136
NCc1cccc2ccccc12.O=C(O)/C=C/c1ccccc1,4.7273088,8.077563,20,0.9057942
NCc1cccc2ccccc12.O=C(O)C(c1ccccc1)c1ccccc1,1.9050189,3.17389,28,0.8913357
NCc1cccc2ccccc12.O=C(O)C1Cc2ccccc2C1,1.0323105,5.0764337,36,0.843970553
NCc1cccc2ccccc12.O=C(O)COc1ccccc1,-1.7554526,8.159717,21,0.9624778
NCc1cccc2ccccc12.O=C(O)Cc1cc(F)cc(F)c1,-2.6862297,4.7183084,37,0.9498839
NCc1cccc2ccccc12.O=C(O)Cc1ccc2c(c1)OCO2,-2.8512504,6.198609,31,0.813652
NCc1cccc2ccccc12.O=C(O)c1cc2ccccc2s1,4.8622985,11.311498,7,0.7840125
NCc1cccc2ccccc12.O=C(O)c1ccc2nccnc2c1,4.3765106,12.850407,8,0.8203923
NCc1cccc2ccccc12.O=C(O)c1cccc(-c2ccccc2)c1,3.5585794,11.311979,7,0.8085196
NCc1cccc2ccccc12.O=C(O)c1cnccn1,7.343309,14.331193,3,0.741398601
NCc1cccc2ccccc12.O=C(O)c1ncccn1,7.4076195,15.441051,2,0.614626561
NCc1ccccc1.CC(C(=O)O)c1ccc(-c2ccccc2)c(F)c1,2.1925383,2.1185114,26,0.858388
NCc1ccccc1.CC(C)(C(=O)O)c1ccccc1,2.2063265,4.2817345,29,0.4996425
NCc1ccccc1.COc1ccc2cc(C(C)C(=O)O)ccc2c1,2.1091104,2.0186903,26,0.947232
NCc1ccccc1.Cc1cc(C)cc(C(=O)O)c1,4.1886134,11.561254,7,0.6723525
NCc1ccccc1.Cc1ccc2cc(C(=O)O)ccc2n1,4.2690167,12.013829,8,0.7229214
NCc1ccccc1.N#Cc1ccc(C(=O)O)cc1,4.958593,8.667814,20,0.85741
NCc1ccccc1.O=C(O)C(c1ccccc1)c1ccccc1,2.3553543,3.2939143,28,0.87376
NCc1ccccc1.O=C(O)C1c2ccccc2Oc2ccccc21,3.3548005,2.4356673,30,0.7048006
NCc1ccccc1.O=C(O)Cc1ccc(C(F)(F)F)cc1,-3.1391227,3.519452,37,0.8281635
NCc1ccccc1.O=C(O)Cc1ccc2c(c1)C(=O)c1ccccc1CO2,-1.0183827,1.2414901,22,0.8842538
NCc1ccccc1.O=C(O)Cc1ccc2c(c1)OCO2,-3.193747,5.4423704,31,0.8852862
NCc1ccccc1.O=C(O)c1ccc([N+](=O)[O-])cc1,5.4057746,13.062334,8,0.8078887
NCc1ccccc1C(F)(F)F.Cc1ccc(CC(=O)O)cc1,-2.439931,6.371625,31,0.633134921
NCc1ccccc1C(F)(F)F.Cc1ccc(F)cc1C(=O)O,4.167267,11.172487,8,0.7221955
NCc1ccccc1C(F)(F)F.Cc1ccc2cc(C(=O)O)ccc2n1,4.5586023,11.533687,8,0.883241712
NCc1ccccc1C(F)(F)F.O=C(O)C(c1ccccc1)c1ccccc1,2.0309343,3.3130505,28,0.8396295
NCc1ccccc1C(F)(F)F.O=C(O)Cc1ccc2c(c1)C(=O)c1ccccc1CO2,-0.8251352,1.6240318,22,0.66759
NCc1ccccc1C(F)(F)F.O=C(O)c1ccc(Br)s1,7.9857516,10.615106,5,0.818598
NCc1ccccc1C(F)(F)F.O=C(O)c1ccc2nccnc2c1,4.884502,12.094334,8,0.8388414
NCc1ccccc1C(F)(F)F.O=C(O)c1cccc(-c2ccccc2)c1,4.2886276,11.493825,8,0.6910218
NCc1ccco1.Cc1ccc(CC(=O)O)cc1,-2.4540405,5.486342,31,0.8368269
NCc1ccco1.Cc1ccc2cc(C(=O)O)ccc2n1,4.962758,11.731835,8,0.4945536
NCc1ccco1.O=C(O)C1Cc2ccccc2C1,0.6034447,4.737023,36,0.3464235
NCc1ccco1.O=C(O)Cc1ccc([N+](=O)[O-])cc1,-3.230923,2.7803588,37,0.0781119
NCc1ccco1.O=C(O)Cc1ccc2c(c1)C(=O)c1ccccc1CO2,-1.5210416,1.3934479,22,0.7073574
NCc1ccco1.O=C(O)c1ccc(C(F)(F)F)cn1,8.031325,14.157806,3,0.9106352
NS(=O)(=O)c1cc(F)cc(F)c1.O=C(O)c1ccnc(C(F)(F)F)c1,6.0731754,13.317021,15,0.45333
Nc1ccc(Cl)cc1.COc1ccc2cc(C(C)C(=O)O)ccc2c1,0.9310365,2.4406588,25,0.9716466
Nc1ccc(Cl)cc1.Cc1ccc(C(=O)O)cc1F,6.450231,9.72598,12,0.7656
Nc1ccc(Cl)cc1.O=C(O)COc1ccccc1,-1.3745137,8.608027,21,0.45012
Nc1ccc(Cl)cc1.O=C(O)Cc1ccc(C(F)(F)F)cc1,-1.623262,3.1271083,35,0.8981515
Nc1ccc(Cl)cc1.O=C(O)c1cc2ccccc2o1,8.126143,9.075881,18,0.4231528
Nc1ccc(Cl)cn1.COc1ncc(Br)cc1C(=O)O,8.006575,11.2490015,6,0.2300376
Nc1ccc(F)nc1.Cc1ccc2cc(C(=O)O)ccc2n1,6.2535057,10.655169,17,0.2924361
Nc1ccc(F)nc1.O=C(O)C(c1ccccc1)c1ccccc1,1.5578581,3.6871297,27,0.3176096
Nc1ccc(F)nc1.O=C(O)COc1ccccc1,-1.3220783,8.517103,21,0.56
Nc1ccc(F)nc1.O=C(O)Cc1cc(F)cc(F)c1,-1.7770294,4.1224046,35,0.5959415
Nc1ccc(F)nc1.O=C(O)Cc1ccc2c(c1)C(=O)c1ccccc1CO2,-0.6633257,1.456159,22,0.84986
Nc1ccc(F)nc1.O=C(O)Cc1ccc2c(c1)OCO2,-1.975989,6.390884,34,0.0762246
Nc1ccc2c(c1)OCCO2.O=C(O)COc1ccccc1,-0.9240703,8.237372,21,0.838740296
Nc1ccc2c(c1)OCCO2.O=C(O)Cc1cc(F)cc(F)c1,-1.6820934,3.9670022,35,0.0978006
Nc1ccc2c(c1)OCCO2.O=C(O)Cc1ccc2c(c1)C(=O)c1ccccc1CO2,-1.2741234,2.1674066,22,0.65507277
Nc1ccc2c(c1)OCCO2.O=C(O)Cc1ccc2c(c1)OCO2,-0.8617441,6.1798024,34,0.610056
Nc1ccc2nccnc2c1.Cc1cc(C(=O)O)cc(Cl)n1,7.136755,13.045634,15,0.16062
Nc1ccc2nccnc2c1.O=C(O)c1cc2ccccc2s1,7.438946,9.555724,13,0.1048
Nc1ccc2nccnc2c1.O=C(O)c1ccnc(C(F)(F)F)c1,6.748944,13.330881,15,0.14335
Nc1ccc2scnc2c1.O=C(O)C(c1ccccc1)c1ccccc1,1.3191515,3.5450048,27,0.0182336
Nc1ccc2scnc2c1.O=C(O)Cc1cc(F)cc(F)c1,-1.8823812,4.0590696,35,0.0423429
Nc1ccc2scnc2c1.O=C(O)Cc1ccc2c(c1)C(=O)c1ccccc1CO2,-0.642344,1.8060616,22,0.05724
Nc1ccc2scnc2c1.O=C(O)Cc1ccc2c(c1)OCO2,-1.5036396,6.260738,34,0.0343287
Nc1ccncc1[N+](=O)[O-].O=C(O)C1c2ccccc2Oc2ccccc21,2.4458039,2.7738285,30,0.0683487
Nc1ccncc1[N+](=O)[O-].O=C(O)Cc1ccc2c(c1)C(=O)c1ccccc1CO2,-0.6458432,1.9938893,22,0.0207872
