,0
0,COC(=O)CC1CCc2cc(C3CC3)cc3[nH]c(=O)c(=O)n1c23
1,COC(=O)CC1CCc2cc(C3(c4ccc(Cl)cc4)CC3)cc3[nH]c(=O)c(=O)n1c23
2,COC(=O)CC1CCc2cc(C[C@@H]3C[C@H](C(C)=O)C3(C)C)cc3[nH]c(=O)c(=O)n1c23
3,COC(=O)CC1CCc2cc(C3CCCC3)cc3[nH]c(=O)c(=O)n1c23
4,COC(=O)CC1CCc2cc(C3CCCCC3)cc3[nH]c(=O)c(=O)n1c23
5,COC(=O)CC1CCc2cc(CO[C@@H]3C[C@H](C)CC[C@H]3C(C)C)cc3[nH]c(=O)c(=O)n1c23
6,COC(=O)CC1CCc2cc(C(C)Oc3ccccc3)cc3[nH]c(=O)c(=O)n1c23
7,CCC(Oc1ccccc1)c1cc2c3c(c1)[nH]c(=O)c(=O)n3C(CC(=O)OC)CC2
8,COC(=O)CC1CCc2cc(CCc3ccc(O)cc3)cc3[nH]c(=O)c(=O)n1c23
9,COC(=O)CC1CCc2cc(CC[C@@H](C)[C@H]3CC[C@H]4[C@@H]5[C@H](O)C[C@@H]6C[C@H](O)CC[C@]6(C)[C@H]5C[C@H](O)[C@]34C)cc3[nH]c(=O)c(=O)n1c23
10,COC(=O)CC1CCc2cc(C3CCCCCC3)cc3[nH]c(=O)c(=O)n1c23
11,COC(=O)CC1CCc2cc(COc3ccccc3Cl)cc3[nH]c(=O)c(=O)n1c23
12,COC(=O)CC1CCc2cc(COc3ccc(Cl)cc3)cc3[nH]c(=O)c(=O)n1c23
13,COCc1cc2c3c(c1)[nH]c(=O)c(=O)n3C(CC(=O)OC)CC2
14,COC(=O)CC1CCc2cc(Cc3ccccc3O)cc3[nH]c(=O)c(=O)n1c23
15,COC(=O)CC1CCc2cc(Cc3ccc(F)cc3)cc3[nH]c(=O)c(=O)n1c23
16,COC(=O)CC1CCc2cc(Cc3ccc(Cl)cc3)cc3[nH]c(=O)c(=O)n1c23
17,COC(=O)CC1CCc2cc(Cc3ccc(OC)cc3)cc3[nH]c(=O)c(=O)n1c23
18,COC(=O)CC1CCc2cc(Cc3ccc(O)cc3)cc3[nH]c(=O)c(=O)n1c23
19,COC(=O)CC1CCc2cc(Cc3ccc(C(F)(F)F)cc3)cc3[nH]c(=O)c(=O)n1c23
20,CCCCc1cc2c3c(c1)[nH]c(=O)c(=O)n3C(CC(=O)OC)CC2
21,COC(=O)CC1CCc2cc(CCCCCNC(C)=O)cc3[nH]c(=O)c(=O)n1c23
22,COC(=O)CC1CCc2cc(CCCc3cccs3)cc3[nH]c(=O)c(=O)n1c23
23,COC(=O)CC1CCc2cc(CN3C(=O)c4ccccc4C3=O)cc3[nH]c(=O)c(=O)n1c23
24,COC(=O)CC1CCc2cc(C(CCSC)NC(C)=O)cc3[nH]c(=O)c(=O)n1c23
25,COC(=O)CC1CCc2cc(C3C(C)(C)C3(C)C)cc3[nH]c(=O)c(=O)n1c23
26,COC(=O)CC1CCc2cc(C3CC[C@@H]4CCC[C@H]34)cc3[nH]c(=O)c(=O)n1c23
27,COC(=O)CC1CCc2cc(C3CC(=O)N(C)C3)cc3[nH]c(=O)c(=O)n1c23
28,COC(=O)CC1CCc2cc(COc3ccccc3OC)cc3[nH]c(=O)c(=O)n1c23
29,COC(=O)CC1CCc2cc(COc3ccccc3C)cc3[nH]c(=O)c(=O)n1c23
30,COC(=O)CC1CCc2cc(COc3ccc(C)cc3C)cc3[nH]c(=O)c(=O)n1c23
31,COC(=O)CC1CCc2cc(COc3cc(C)ccc3C)cc3[nH]c(=O)c(=O)n1c23
32,COC(=O)CC1CCc2cc(COc3cccc(OC)c3)cc3[nH]c(=O)c(=O)n1c23
33,COC(=O)CC1CCc2cc(COc3ccc(OC)cc3)cc3[nH]c(=O)c(=O)n1c23
34,COC(=O)CC1CCc2cc(COc3ccc(OCc4ccccc4)cc3)cc3[nH]c(=O)c(=O)n1c23
35,COC(=O)CC1CCc2cc(COc3ccc(O)cc3)cc3[nH]c(=O)c(=O)n1c23
36,CCc1ccc(OCc2cc3c4c(c2)[nH]c(=O)c(=O)n4C(CC(=O)OC)CC3)cc1
37,CCCCCCCCC#CCCCCCCCc1cc2c3c(c1)[nH]c(=O)c(=O)n3C(CC(=O)OC)CC2
38,COC(=O)CC1CCc2cc(COc3cccc(Cl)c3)cc3[nH]c(=O)c(=O)n1c23
39,COC(=O)CC1CCc2cc(COc3cccc(C=O)c3)cc3[nH]c(=O)c(=O)n1c23
40,COC(=O)CC1CCc2cc(C(Cc3ccccc3)NC(=O)OCc3ccccc3)cc3[nH]c(=O)c(=O)n1c23
41,COC(=O)CC1CCc2cc(CC(C)c3ccc(Cl)cc3)cc3[nH]c(=O)c(=O)n1c23
42,COC(=O)CC1CCc2cc(CNC(=O)Cc3ccccc3)cc3[nH]c(=O)c(=O)n1c23
43,COC(=O)CC1CCc2cc(COc3ccc(C(C)(C)C)cc3)cc3[nH]c(=O)c(=O)n1c23
44,COC(=O)CC1CCc2cc(C3CCCO3)cc3[nH]c(=O)c(=O)n1c23
45,COC(=O)CC1CCc2cc(CSc3nc4ccccc4[nH]3)cc3[nH]c(=O)c(=O)n1c23
46,COC(=O)CC1CCc2cc(CCCSc3nc4ccccc4s3)cc3[nH]c(=O)c(=O)n1c23
47,COC(=O)CC1CCc2cc(CCN3C(=O)c4ccccc4C3=O)cc3[nH]c(=O)c(=O)n1c23
48,COC(=O)CC1CCc2cc(C3CCOCC3)cc3[nH]c(=O)c(=O)n1c23
49,COC(=O)CC1CCc2cc(CN(C)S(=O)(=O)c3ccccc3)cc3[nH]c(=O)c(=O)n1c23
50,COC(=O)CC1CCc2cc(CSc3ccc(C)cc3)cc3[nH]c(=O)c(=O)n1c23
51,COC(=O)CC1CCc2cc(C(Cc3ccc(O)cc3)NC(=O)OCc3ccccc3)cc3[nH]c(=O)c(=O)n1c23
52,COC(=O)CC1CCc2cc(CCNC(=O)c3ccccc3)cc3[nH]c(=O)c(=O)n1c23
53,COC(=O)CC1CCc2cc(C3CCCN3C(=O)[C@H](C)NC(=O)OCc3ccccc3)cc3[nH]c(=O)c(=O)n1c23
54,COC(=O)CC1CCc2cc(C3C[C@@H](O)CN3C(C)=O)cc3[nH]c(=O)c(=O)n1c23
55,COC(=O)CC1CCc2cc(C3CCCN3C(=O)CNC(=O)OCc3ccccc3)cc3[nH]c(=O)c(=O)n1c23
56,COC(=O)CC1CCc2cc(C3N(C(=O)OC(C)(C)C)CSC3(C)C)cc3[nH]c(=O)c(=O)n1c23
57,COC(=O)CC1CCc2cc(C(NC(=O)OC(C)(C)C)[C@H](C)O)cc3[nH]c(=O)c(=O)n1c23
58,COC(=O)CC1CCc2cc(C(Cc3cn(C=O)c4ccccc34)NC(=O)OC(C)(C)C)cc3[nH]c(=O)c(=O)n1c23
59,COC(=O)CC1CCc2cc(C(CC(N)=O)NC(=O)OC(C)(C)C)cc3[nH]c(=O)c(=O)n1c23
60,COC(=O)CC1CCc2cc(C(Cc3ccc(OC(C)=O)cc3)NC(C)=O)cc3[nH]c(=O)c(=O)n1c23
61,COC(=O)CC1CCc2cc(C(NC(=O)OC(C)(C)C)C(C)C)cc3[nH]c(=O)c(=O)n1c23
62,COC(=O)CC1CCc2cc(C(CC(C)C)N(C)C(=O)OC(C)(C)C)cc3[nH]c(=O)c(=O)n1c23
63,COC(=O)CC1CCc2cc(C(Cc3ccccc3)N(C)C(=O)OC(C)(C)C)cc3[nH]c(=O)c(=O)n1c23
64,COC(=O)CC1CCc2cc(Cc3ccc(C(C)C)cc3)cc3[nH]c(=O)c(=O)n1c23
65,COC(=O)CC1CCc2cc(C3CCC(C(C)(C)C)CC3)cc3[nH]c(=O)c(=O)n1c23
66,COC(=O)CC1CCc2cc(CCCCCCC(C)C)cc3[nH]c(=O)c(=O)n1c23
67,COC(=O)CC1CCc2cc(C3CCc4ccccc4O3)cc3[nH]c(=O)c(=O)n1c23
68,COC(=O)CC1CCc2cc(CCOc3cccc(OC)c3)cc3[nH]c(=O)c(=O)n1c23
69,COC(=O)CC1CCc2cc(CNC(=O)CNC(=O)c3ccccc3)cc3[nH]c(=O)c(=O)n1c23
70,COC(=O)CC1CCc2cc(Cn3ccc4ccccc43)cc3[nH]c(=O)c(=O)n1c23
71,COC(=O)CC1CCc2cc(COc3ccc(OC(F)(F)F)cc3)cc3[nH]c(=O)c(=O)n1c23
72,COC(=O)CC1CCc2cc(CNC(=O)[C@H](CCC(N)=O)NC(=O)OCc3ccccc3)cc3[nH]c(=O)c(=O)n1c23
73,COC(=O)CC1CCc2cc(CCC(=O)c3ccc(-c4ccccc4)cc3)cc3[nH]c(=O)c(=O)n1c23
74,COC(=O)CC1CCc2cc(Cc3c(C)n(C(=O)c4ccc(Cl)cc4)c4ccc(OC)cc34)cc3[nH]c(=O)c(=O)n1c23
75,COC(=O)CC1CCc2cc(COc3ccc(C=O)c(OC)c3)cc3[nH]c(=O)c(=O)n1c23
76,COC(=O)CC1CCc2cc(C(Cc3cccs3)NC(=O)OC(C)(C)C)cc3[nH]c(=O)c(=O)n1c23
77,COC(=O)CC1CCc2cc(C(C)NC(=O)OC(C)(C)C)cc3[nH]c(=O)c(=O)n1c23
78,COC(=O)CC1CCc2cc(C(C)NC(=O)c3ccccc3)cc3[nH]c(=O)c(=O)n1c23
79,COC(=O)CC1CCc2cc(C(CO)NC(=O)OC(C)(C)C)cc3[nH]c(=O)c(=O)n1c23
80,COC(=O)CC1CCc2cc(C(CO)NC(=O)OCc3ccccc3)cc3[nH]c(=O)c(=O)n1c23
81,COC(=O)CC1CCc2cc(C3CCCN3C(C)=O)cc3[nH]c(=O)c(=O)n1c23
82,COC(=O)CC1CCc2cc(CCCCCCNC(=O)OC(C)(C)C)cc3[nH]c(=O)c(=O)n1c23
83,CCCCCCCC/C=C\CCCCCCCc1cc2c3c(c1)[nH]c(=O)c(=O)n3C(CC(=O)OC)CC2
84,COC(=O)CC1CCc2cc(C(CCC(N)=O)NC(=O)OC(C)(C)C)cc3[nH]c(=O)c(=O)n1c23
85,COC(=O)CC1CCc2cc(C(Cc3ccc(OC(C)(C)C)cc3)NC(=O)OC(C)(C)C)cc3[nH]c(=O)c(=O)n1c23
86,COC(=O)CC1CCc2cc(C(Cc3c[nH]c4ccccc34)NC(=O)OCc3ccccc3)cc3[nH]c(=O)c(=O)n1c23
87,COC(=O)CC1CCc2cc(C(Cc3cn(Cc4ccccc4)cn3)NC(=O)OC(C)(C)C)cc3[nH]c(=O)c(=O)n1c23
88,COC(=O)CC1CCc2cc(Cc3cccnc3)cc3[nH]c(=O)c(=O)n1c23
89,COC(=O)CC1CCc2cc(CC[C@@H](C)[C@H]3CC[C@H]4[C@@H]5C(=O)C[C@@H]6CC(=O)CC[C@]6(C)[C@H]5CC(=O)[C@]34C)cc3[nH]c(=O)c(=O)n1c23
90,COC(=O)CC1CCc2cc(CSCCS(=O)(=O)c3ccccc3)cc3[nH]c(=O)c(=O)n1c23
91,COC(=O)CC1CCc2cc(C[C@]34C[C@H]5C[C@H](C[C@H](C5)C3)C4)cc3[nH]c(=O)c(=O)n1c23
92,COC(=O)CC1CCc2cc(C3CCCC(C)C3)cc3[nH]c(=O)c(=O)n1c23
93,COC(=O)CC1CCc2cc(C3CCCC(OC)C3)cc3[nH]c(=O)c(=O)n1c23
94,COC(=O)CC1CCc2cc(C3CCOC3)cc3[nH]c(=O)c(=O)n1c23
95,COC(=O)CC1CCc2cc(CCCCCCCCCCNC(=O)OC(C)(C)C)cc3[nH]c(=O)c(=O)n1c23
96,COC(=O)CC1CCc2cc(CC[C@H](NC(=O)OC(C)(C)C)C(=O)OC)cc3[nH]c(=O)c(=O)n1c23
97,COC(=O)CC1CCc2cc(C3CCCN3C(=O)[C@@H](NC(=O)OC(C)(C)C)C(C)C)cc3[nH]c(=O)c(=O)n1c23
98,COC(=O)CC1CCc2cc(C3CCN(C(=O)OC(C)(C)C)CC3)cc3[nH]c(=O)c(=O)n1c23
99,CCC(NC(=O)OCc1ccccc1)c1cc2c3c(c1)[nH]c(=O)c(=O)n3C(CC(=O)OC)CC2
100,COC(=O)CC1CCc2cc(C(CCCNC(=N)NS(=O)(=O)c3ccc(C)cc3)NC(=O)OCc3ccccc3)cc3[nH]c(=O)c(=O)n1c23
101,COC(=O)CC1CCc2cc(C(Cc3cccnc3)NC(=O)OC(C)(C)C)cc3[nH]c(=O)c(=O)n1c23
102,COC(=O)CC1CCc2cc(C[C@H](NC(C)=O)C(=O)OC)cc3[nH]c(=O)c(=O)n1c23
103,COC(=O)CC1CCc2cc(C(C)O[C@H]3[C@H](O)[C@@H](CO)O[C@H](O)[C@@H]3NC(C)=O)cc3[nH]c(=O)c(=O)n1c23
104,COC(=O)CC1CCc2cc(C3CC(=O)N(Cc4cccs4)C3)cc3[nH]c(=O)c(=O)n1c23
105,COC(=O)CC1CCc2cc(C3CC(=O)C3)cc3[nH]c(=O)c(=O)n1c23
106,COC(=O)CC1CCc2cc(C3CCC(=O)CC3)cc3[nH]c(=O)c(=O)n1c23
107,COC(=O)CC1CCc2cc(C(C)OC)cc3[nH]c(=O)c(=O)n1c23
108,COC(=O)CC(NC(=O)OCc1ccccc1)c1cc2c3c(c1)[nH]c(=O)c(=O)n3C(CC(=O)OC)CC2
109,COC(=O)CC1CCc2cc(C[C@H](C)O)cc3[nH]c(=O)c(=O)n1c23
110,COC(=O)CC1CCc2cc(COc3ccccc3-c3ccccc3)cc3[nH]c(=O)c(=O)n1c23
111,COC(=O)CC1CCc2cc(C3C[C@@H](OC(C)(C)C)CN3C(=O)OCc3ccccc3)cc3[nH]c(=O)c(=O)n1c23
112,COC(=O)CC1CCc2cc(CNC(=O)[C@H](CCSC)NC(=O)OC(C)(C)C)cc3[nH]c(=O)c(=O)n1c23
113,COC(=O)CC1CCc2cc(C(CCSC)NC(=O)OC(C)(C)C)cc3[nH]c(=O)c(=O)n1c23
114,COC(=O)CC1CCc2cc(C(C)N3C(=O)c4ccccc4C3=O)cc3[nH]c(=O)c(=O)n1c23
115,COC(=O)CC1CCc2cc(C3CCN(c4ccc(C(F)(F)F)cn4)CC3)cc3[nH]c(=O)c(=O)n1c23
116,COC(=O)CC1CCc2cc(CSc3ccc(C(C)(C)C)cc3)cc3[nH]c(=O)c(=O)n1c23
117,COC(=O)CC1CCc2cc(Cn3nc(-c4ccccc4)c4ccccc4c3=O)cc3[nH]c(=O)c(=O)n1c23
118,COC(=O)CC1CCc2cc(C(CCCCNC(C)=O)NC(C)=O)cc3[nH]c(=O)c(=O)n1c23
119,COC(=O)CC1CCc2cc(C3CCCCN3C(=O)OC(C)(C)C)cc3[nH]c(=O)c(=O)n1c23
120,COC(=O)CC1CCc2cc(C(NC(=O)[C@@H](NC(=O)OC(C)(C)C)C(C)C)C(C)C)cc3[nH]c(=O)c(=O)n1c23
121,COC(=O)CC1CCc2cc(C3COc4ccccc4O3)cc3[nH]c(=O)c(=O)n1c23
122,CCOC(=O)NC(Cc1ccccc1)c1cc2c3c(c1)[nH]c(=O)c(=O)n3C(CC(=O)OC)CC2
123,COC(=O)CC1CCc2cc(CCc3cccnc3)cc3[nH]c(=O)c(=O)n1c23
124,COC(=O)CC1CCc2cc(Cn3cc(C)c(=O)[nH]c3=O)cc3[nH]c(=O)c(=O)n1c23
125,COC(=O)CC1CCc2cc(CSc3nnc(-c4ccccc4OC(C)C)[nH]3)cc3[nH]c(=O)c(=O)n1c23
126,CCCOc1ccc(Cc2cc3c4c(c2)[nH]c(=O)c(=O)n4C(CC(=O)OC)CC3)cc1
127,COC(=O)CC1CCc2cc(C3CCCN3C(=O)OC(C)(C)C)cc3[nH]c(=O)c(=O)n1c23
128,COC(=O)CC1CCc2cc(CN(C)C(=O)c3ccco3)cc3[nH]c(=O)c(=O)n1c23
129,COC(=O)CC1CCc2cc(C3COc4cc(OC)ccc4C3)cc3[nH]c(=O)c(=O)n1c23
130,CCCCCCC(CCCC)c1cc2c3c(c1)[nH]c(=O)c(=O)n3C(CC(=O)OC)CC2
131,COC(=O)CC1CCc2cc(C3CC(=O)N(C4CCCCC4)C3)cc3[nH]c(=O)c(=O)n1c23
132,COC(=O)CC1CCc2cc(Cn3ccc(-c4cccs4)n3)cc3[nH]c(=O)c(=O)n1c23
133,COC(=O)CC1CCc2cc(C3CCC(=O)c4ccccc4C3)cc3[nH]c(=O)c(=O)n1c23
134,C#CCCCCCCc1cc2c3c(c1)[nH]c(=O)c(=O)n3C(CC(=O)OC)CC2
135,COC(=O)CC1CCc2cc(C(Cc3cccc(Cl)c3)NC(=O)OC(C)(C)C)cc3[nH]c(=O)c(=O)n1c23
136,COC(=O)CC1CCc2cc(C(Cc3ccncc3)NC(=O)OC(C)(C)C)cc3[nH]c(=O)c(=O)n1c23
137,COC(=O)CC1CCc2cc(CN3CCCC[C@H](NC(=O)OC(C)(C)C)C3=O)cc3[nH]c(=O)c(=O)n1c23
138,COC(=O)CC1CCc2cc(CCc3cc(C(F)(F)F)cc(C(F)(F)F)c3)cc3[nH]c(=O)c(=O)n1c23
139,COC(=O)CC1CCc2cc(C(C)OC(C)=O)cc3[nH]c(=O)c(=O)n1c23
140,COC(=O)CC1CCc2cc(C3CCOC(C)(C)C3)cc3[nH]c(=O)c(=O)n1c23
141,COC(=O)CC1CCc2cc(CCCC(=O)N3CCC(=O)CC3)cc3[nH]c(=O)c(=O)n1c23
142,CCCC(C)(F)c1cc2c3c(c1)[nH]c(=O)c(=O)n3C(CC(=O)OC)CC2
143,COC(=O)CC1CCc2cc(CC3CCN(C(=O)OC(C)(C)C)CC3)cc3[nH]c(=O)c(=O)n1c23
144,COC(=O)CC1CCc2cc(C3CCCC[C@@H]3C(=O)c3ccccc3)cc3[nH]c(=O)c(=O)n1c23
145,COC(=O)CC1CCc2cc(C3C[C@@H](c4ccccc4)CC[C@H]3C(=O)c3ccccc3)cc3[nH]c(=O)c(=O)n1c23
146,COC(=O)CC1CCc2cc(C3CCC[C@@H]3NC(=O)OC(C)(C)C)cc3[nH]c(=O)c(=O)n1c23
147,COC(=O)CC1CCc2cc(C3CCC4CCCCC4C3)cc3[nH]c(=O)c(=O)n1c23
148,COC(=O)CC1CCc2cc(CC3CCCCCC3)cc3[nH]c(=O)c(=O)n1c23
149,COC(=O)CC1CCc2cc(C3CC[C@H](C(=O)OC)C3)cc3[nH]c(=O)c(=O)n1c23
150,COC(=O)CC1CCc2cc(C3CC[C@H](C(=O)c4ccccc4)C3)cc3[nH]c(=O)c(=O)n1c23
151,COC(=O)CC1CCc2cc(C3CCC[C@@H]3C(=O)c3ccccc3)cc3[nH]c(=O)c(=O)n1c23
152,COC(=O)CC1CCc2cc(C3CCC(C(=O)OC)CC3)cc3[nH]c(=O)c(=O)n1c23
153,COC(=O)CC1CCc2cc(C3CCC[C@@H](C(=O)c4ccccc4)C3)cc3[nH]c(=O)c(=O)n1c23
154,COC(=O)CC1CCc2cc(C3CCCC[C@@H]3CC(=O)c3ccccc3)cc3[nH]c(=O)c(=O)n1c23
155,COC(=O)CC1CCc2cc(CCCCC(=O)c3ccc(Cl)cc3)cc3[nH]c(=O)c(=O)n1c23
156,COC(=O)CC1CCc2cc(CCCC(=O)C3CC3)cc3[nH]c(=O)c(=O)n1c23
157,COC(=O)CC1CCc2cc(CCC(=O)C(C)(C)C)cc3[nH]c(=O)c(=O)n1c23
158,COC(=O)CC1CCc2cc(C3CC[C@@H](c4ccccc4)N3C(=O)OC(C)(C)C)cc3[nH]c(=O)c(=O)n1c23
159,COC(=O)CC1CCc2cc(C3C[C@@H](c4ccccc4)CN3C(=O)OC(C)(C)C)cc3[nH]c(=O)c(=O)n1c23
160,COC(=O)CC1CCc2cc(C3CCN3C(=O)OC(C)(C)C)cc3[nH]c(=O)c(=O)n1c23
161,COC(=O)CC1CCc2cc(Cn3c(=O)oc4ccccc43)cc3[nH]c(=O)c(=O)n1c23
162,COC(=O)CC1CCc2cc(C3CC(=O)N(c4cccc(OC)c4)C3)cc3[nH]c(=O)c(=O)n1c23
163,COC(=O)CC1CCc2cc(Cc3cc(Cl)ccc3F)cc3[nH]c(=O)c(=O)n1c23
164,COC(=O)CC1CCc2cc(C3CC(c4ccccc4)C3)cc3[nH]c(=O)c(=O)n1c23
165,COC(=O)CC1CCc2cc(C3CCC(C(C)C)CC3)cc3[nH]c(=O)c(=O)n1c23
166,COC(=O)CC1CCc2cc(CCc3nc4ccccc4s3)cc3[nH]c(=O)c(=O)n1c23
167,COC(=O)CC1CCc2cc(C3CN(C(=O)OC(C)(C)C)C3)cc3[nH]c(=O)c(=O)n1c23
168,COC(=O)CC1CCc2cc(C[C@@H](Cc3cccc(F)c3)NC(=O)OC(C)(C)C)cc3[nH]c(=O)c(=O)n1c23
169,C=CC[C@H](Cc1cc2c3c(c1)[nH]c(=O)c(=O)n3C(CC(=O)OC)CC2)NC(=O)OC(C)(C)C
170,COC(=O)CC1CCc2cc(C3CCC(NC(=O)OC(C)(C)C)CC3)cc3[nH]c(=O)c(=O)n1c23
171,COC(=O)CC1CCc2cc(C3CCC[C@H](NC(=O)OC(C)(C)C)C3)cc3[nH]c(=O)c(=O)n1c23
172,COC(=O)CC1CCc2cc(C3CCCC[C@@H]3NC(=O)OC(C)(C)C)cc3[nH]c(=O)c(=O)n1c23
173,COC(=O)CC1CCc2cc(CC(C)CC(=O)c3ccccc3)cc3[nH]c(=O)c(=O)n1c23
174,COC(=O)CC1CCc2cc(Cn3cc(C(F)(F)F)ccc3=O)cc3[nH]c(=O)c(=O)n1c23
175,COC(=O)CC1CCc2cc(CC(NC(=O)OC(C)(C)C)c3ccc(OC)cc3)cc3[nH]c(=O)c(=O)n1c23
176,COC(=O)CC1CCc2cc(CC(NC(=O)OC(C)(C)C)c3cccc(Cl)c3)cc3[nH]c(=O)c(=O)n1c23
177,COC(=O)CC1CCc2cc(C3CCC(O)CC3)cc3[nH]c(=O)c(=O)n1c23
178,COC(=O)CC1CCc2cc(C(C)OCc3ccccc3)cc3[nH]c(=O)c(=O)n1c23
179,COC(=O)CC1CCc2cc(C3CC(=O)N(c4ccc(OC(C)C)cc4)C3)cc3[nH]c(=O)c(=O)n1c23
180,COC(=O)CC1CCc2cc(CC3CCCN(C(=O)OC(C)(C)C)C3)cc3[nH]c(=O)c(=O)n1c23
181,COC(=O)CC1CCc2cc(CCC3CCCN(C(=O)OC(C)(C)C)C3)cc3[nH]c(=O)c(=O)n1c23
182,COC(=O)CC1CCc2cc(CC3CN(C(=O)OC(C)(C)C)C3)cc3[nH]c(=O)c(=O)n1c23
183,COC(=O)CC1CCc2cc(C3CCN(C(=O)OCc4ccccc4)C3)cc3[nH]c(=O)c(=O)n1c23
184,COC(=O)CC1CCc2cc(C3CN(C(=O)OC(C)(C)C)CCN3C(=O)OC(C)(C)C)cc3[nH]c(=O)c(=O)n1c23
185,COC(=O)CC1CCc2cc(C3CN(C(=O)OC(C)(C)C)CCC3c3ccccc3)cc3[nH]c(=O)c(=O)n1c23
186,COC(=O)CC1CCc2cc(C3CC(c4ccccc4)CN(C(=O)OC(C)(C)C)C3)cc3[nH]c(=O)c(=O)n1c23
187,COC(=O)CC1CCc2cc(C3CCCN(C(=O)OC(C)(C)C)C3)cc3[nH]c(=O)c(=O)n1c23
188,COC(=O)CC1CCc2cc(Cn3cc(Cl)c(=O)c(Cl)c3)cc3[nH]c(=O)c(=O)n1c23
189,COC(=O)CC1CCc2cc(CC3c4cc(OC)c(OC)cc4CCN3C(=O)OC(C)(C)C)cc3[nH]c(=O)c(=O)n1c23
190,COC(=O)CC1CCc2cc(C3CC[C@H](NC(=O)OC(C)(C)C)C3)cc3[nH]c(=O)c(=O)n1c23
191,COC(=O)CC1CCc2cc(Cn3cnc4sc5c(c4c3=O)CCCC5)cc3[nH]c(=O)c(=O)n1c23
192,COC(=O)CC1CCc2cc(CC(C)n3nc(C)cc3C)cc3[nH]c(=O)c(=O)n1c23
193,COC(=O)CC1CCc2cc(Cc3nc(C)sc3C)cc3[nH]c(=O)c(=O)n1c23
194,COC(=O)CC1CCc2cc(C3[C@@H]4CC[C@@H](C4)[C@H]3NC(=O)OC(C)(C)C)cc3[nH]c(=O)c(=O)n1c23
195,COC(=O)CC1CCc2cc(C3CSCCN3C(=O)OC(C)(C)C)cc3[nH]c(=O)c(=O)n1c23
196,COC(=O)CC1CCc2cc(CN3CC[C@H](NC(=O)OC(C)(C)C)C3=O)cc3[nH]c(=O)c(=O)n1c23
197,COC(=O)CC1CCc2cc(C3CCCCC3O)cc3[nH]c(=O)c(=O)n1c23
198,COC(=O)CC1CCc2cc(C(CNC(=O)OC(C)(C)C)Cc3ccccc3)cc3[nH]c(=O)c(=O)n1c23
199,COC(=O)CC1CCc2cc(C3Cc4ccccc4O3)cc3[nH]c(=O)c(=O)n1c23
200,COC(=O)CC1CCc2cc(C[C@H]3CCCN(C(=O)OC(C)(C)C)C3)cc3[nH]c(=O)c(=O)n1c23
201,COC(=O)CC1CCc2cc(C3CCN(C(=O)OC(C)(C)C)C3)cc3[nH]c(=O)c(=O)n1c23
202,COC(=O)CC1CCc2cc(C3CC(=O)CCN3C(=O)OC(C)(C)C)cc3[nH]c(=O)c(=O)n1c23
203,COC(=O)CC1CCc2cc(C3CC(F)(F)CN3C(=O)OC(C)(C)C)cc3[nH]c(=O)c(=O)n1c23
204,COC(=O)CC1CCc2cc(CSc3cn(C)c4ccccc34)cc3[nH]c(=O)c(=O)n1c23
205,COC(=O)CC1CCc2cc(Cn3nccc3C)cc3[nH]c(=O)c(=O)n1c23
206,COC(=O)CC1CCc2cc(CC(NC(=O)OCc3ccccc3)C3CCN(C(=O)OC(C)(C)C)CC3)cc3[nH]c(=O)c(=O)n1c23
207,COC(=O)CC1CCc2cc(C3CN(C(=O)OC(C)(C)C)CCS3)cc3[nH]c(=O)c(=O)n1c23
208,COC(=O)CC1CCc2cc(COC(C)(C)C)cc3[nH]c(=O)c(=O)n1c23
209,COC(=O)CC1CCc2cc(C3CCC(F)(F)CC3)cc3[nH]c(=O)c(=O)n1c23
210,COC(=O)CC1CCc2cc(CCCC(=O)c3ccccc3Cl)cc3[nH]c(=O)c(=O)n1c23
211,COC(=O)CC1CCc2cc(C(C)Oc3ccc(C=O)cc3)cc3[nH]c(=O)c(=O)n1c23
212,COC(=O)CCC(NC(=O)OC(C)(C)C)c1cc2c3c(c1)[nH]c(=O)c(=O)n3C(CC(=O)OC)CC2
213,COC(=O)CC1CCc2cc(CC3CN(C(=O)OC(C)(C)C)CCO3)cc3[nH]c(=O)c(=O)n1c23
214,COC(=O)CC1CCc2cc(C3COCCN3C(=O)OC(C)(C)C)cc3[nH]c(=O)c(=O)n1c23
215,COC(=O)CC1CCc2cc(CCCC3CCN(C(=O)OC(C)(C)C)CC3)cc3[nH]c(=O)c(=O)n1c23
216,CCOC(=O)N1CSCC1c1cc2c3c(c1)[nH]c(=O)c(=O)n3C(CC(=O)OC)CC2
217,COC(=O)CC1CCc2cc(C3C[C@@H](c4ccccc4)CC[C@@H]3NC(=O)OC(C)(C)C)cc3[nH]c(=O)c(=O)n1c23
218,COC(=O)CC1CCc2cc(Cn3nc(C)nc3C)cc3[nH]c(=O)c(=O)n1c23
219,COC(=O)CC1CCc2cc(CCn3nc(C)c(C(C)=O)c3C)cc3[nH]c(=O)c(=O)n1c23
220,COC(=O)CC1CCc2cc(Cc3c(C)cccc3C)cc3[nH]c(=O)c(=O)n1c23
221,COC(=O)CC1CCc2cc(C(C)F)cc3[nH]c(=O)c(=O)n1c23
222,COC(=O)CC1CCc2cc(C3COCCO3)cc3[nH]c(=O)c(=O)n1c23
223,COC(=O)CC1CCc2cc(C3CCCN(c4ncnc5sccc45)C3)cc3[nH]c(=O)c(=O)n1c23
224,COC(=O)CC1CCc2cc(CC(NC(=O)OC(C)(C)C)C3CCC3)cc3[nH]c(=O)c(=O)n1c23
225,COC(=O)CC1CCc2cc(C3CC(NC(=O)OCc4ccccc4)C3)cc3[nH]c(=O)c(=O)n1c23
226,COC(=O)CC1CCc2cc(C3CCCN(C(=O)OC(C)(C)C)C3c3ccccc3)cc3[nH]c(=O)c(=O)n1c23
227,COC(=O)CC1CCc2cc(C3C(c4ccccc4)CCN3C(=O)OC(C)(C)C)cc3[nH]c(=O)c(=O)n1c23
228,COC(=O)CC1CCc2cc(CCc3cn(C(=O)OC(C)(C)C)c4ccccc34)cc3[nH]c(=O)c(=O)n1c23
229,COC(=O)CC1CCc2cc(C3CN(C(=O)OC(C)(C)C)CC3Cc3ccccc3)cc3[nH]c(=O)c(=O)n1c23
230,COC(=O)CC1CCc2cc(C3CC(c4ccccc4)CN3C(=O)OC(C)(C)C)cc3[nH]c(=O)c(=O)n1c23
231,COC(=O)CC1CCc2cc(Cc3ccc(C#N)cc3)cc3[nH]c(=O)c(=O)n1c23
232,COC(=O)CC1CCc2cc(C3CCN(C(=O)c4ccc(B(O)O)cc4)CC3)cc3[nH]c(=O)c(=O)n1c23
233,COC(=O)CC1CCc2cc(C3(c4cccc(Cl)c4)CC3)cc3[nH]c(=O)c(=O)n1c23
234,COC(=O)CC1CCc2cc(C3CCCCO3)cc3[nH]c(=O)c(=O)n1c23
235,COC(=O)CC1CCc2cc(C3CN(C(=O)c4ccccc4)C3)cc3[nH]c(=O)c(=O)n1c23
236,COC(=O)CC1CCc2cc(C3CCN(C(=O)OC(C)(C)C)C[C@@H]3C)cc3[nH]c(=O)c(=O)n1c23
237,COC(=O)CC1CCc2cc(CN(C)c3ncc(C=O)cn3)cc3[nH]c(=O)c(=O)n1c23
238,COC(=O)CC1CCc2cc(COc3ccc(CCC(C)=O)cc3)cc3[nH]c(=O)c(=O)n1c23
239,COC(=O)CC1CCc2cc(CCc3cnccn3)cc3[nH]c(=O)c(=O)n1c23
240,COC(=O)CC1CCc2cc(CN3C(=O)COCC3=O)cc3[nH]c(=O)c(=O)n1c23
241,COC(=O)CC1CCc2cc(CC3(c4ccccc4)CCN(C(=O)OC(C)(C)C)C3)cc3[nH]c(=O)c(=O)n1c23
242,COC(=O)CC1CCc2cc(Cn3c(-c4ccccc4)nc4ccccc43)cc3[nH]c(=O)c(=O)n1c23
243,COC(=O)CC1CCc2cc(C3CCC3(F)F)cc3[nH]c(=O)c(=O)n1c23
244,COC(=O)CC1CCc2cc(C3CC(NC(=O)OC(C)(C)C)C3)cc3[nH]c(=O)c(=O)n1c23
245,COC(=O)CC1CCc2cc(C3CC34CCCC4)cc3[nH]c(=O)c(=O)n1c23
246,CCC1(CC)CC1c1cc2c3c(c1)[nH]c(=O)c(=O)n3C(CC(=O)OC)CC2
247,COC(=O)CC1CCc2cc(CCc3nc4ccccc4n3C(=O)OC(C)(C)C)cc3[nH]c(=O)c(=O)n1c23
248,COC(=O)CC1CCc2cc(C3COCC(=O)N3Cc3ccccc3)cc3[nH]c(=O)c(=O)n1c23
249,COC(=O)CC1CCc2cc(C3CCCN(c4ncc(-c5ccc6c(c5)OCO6)cn4)C3)cc3[nH]c(=O)c(=O)n1c23
250,COC(=O)CC1CCc2cc(C3CCC4(CC3)OC(=O)c3ccncc34)cc3[nH]c(=O)c(=O)n1c23
251,COC(=O)CC1CCc2cc(CC3CN4CCC3CC4)cc3[nH]c(=O)c(=O)n1c23
252,COC(=O)CC1CCc2cc(C3CCC4(CC3)OCCO4)cc3[nH]c(=O)c(=O)n1c23
253,COC(=O)CC1CCc2cc(CC3CCC(NC(=O)OC(C)(C)C)CC3)cc3[nH]c(=O)c(=O)n1c23
254,COC(=O)CC1CCc2cc(Cc3cccc(-c4ccccn4)c3)cc3[nH]c(=O)c(=O)n1c23
255,COC(=O)CC1CCc2cc(C3CCC(c4ccccc4)C3)cc3[nH]c(=O)c(=O)n1c23
256,COC(=O)CC1CCc2cc(C3(F)CCOCC3)cc3[nH]c(=O)c(=O)n1c23
257,COC(=O)CC1CCc2cc(CC3CCN3C(=O)OC(C)(C)C)cc3[nH]c(=O)c(=O)n1c23
258,COC(=O)CC1CCc2cc(C3CC4(CCN(C(=O)OC(C)(C)C)CC4)C3)cc3[nH]c(=O)c(=O)n1c23
259,COC(=O)CC1CCc2cc(CC3CCC4(CC3)CCN(C(=O)OC(C)(C)C)CC4)cc3[nH]c(=O)c(=O)n1c23
260,COC(=O)CC1CCc2cc(Cc3ccc4c(c3)CCN(C(=O)OC(C)(C)C)C4)cc3[nH]c(=O)c(=O)n1c23
261,COC(=O)CC1CCc2cc(CCc3ccc4c(c3)CCN(C(=O)OC(C)(C)C)C4)cc3[nH]c(=O)c(=O)n1c23
262,COC(=O)CC1CCc2cc(C3(c4ccc(Cl)nc4)CC3)cc3[nH]c(=O)c(=O)n1c23
263,COC(=O)CC1CCc2cc(C3C4COCC43)cc3[nH]c(=O)c(=O)n1c23
264,COC(=O)CC1CCc2cc(CC3(NC(=O)OC(C)(C)C)CCC3)cc3[nH]c(=O)c(=O)n1c23
265,COC(=O)CC1CCc2cc(C3CCNC(=O)C3)cc3[nH]c(=O)c(=O)n1c23
266,COC(=O)CC1CCc2cc(C3CCC(F)(F)C3)cc3[nH]c(=O)c(=O)n1c23
267,COC(=O)CC1CCc2cc(C3CCCN(C(=O)OCc4ccccc4)CC3)cc3[nH]c(=O)c(=O)n1c23
268,COC(=O)CC1CCc2cc(C3COC(c4ccccc4)CO3)cc3[nH]c(=O)c(=O)n1c23
269,COC(=O)CC1CCc2cc(C3CC(Oc4ccccc4)C3)cc3[nH]c(=O)c(=O)n1c23
270,COC(=O)CC1CCc2cc(C3C4CCC3CN(C(=O)OC(C)(C)C)C4)cc3[nH]c(=O)c(=O)n1c23
271,COC(=O)CC1CCc2cc(C3CN(C(=O)OC(C)(C)C)C[C@@H]3c3ccccc3F)cc3[nH]c(=O)c(=O)n1c23
272,COC(=O)CC1CCc2cc(Cc3c[nH]c4cnccc34)cc3[nH]c(=O)c(=O)n1c23
273,COC(=O)CC1CCc2cc(Cc3cnc(OC)c(OC)c3)cc3[nH]c(=O)c(=O)n1c23
274,COC(=O)CC1CCc2cc(C3(N(C)C(=O)OC(C)(C)C)CC3)cc3[nH]c(=O)c(=O)n1c23
275,COC(=O)CC1CCc2cc(COCc3ccccc3C)cc3[nH]c(=O)c(=O)n1c23
276,COC(=O)CC1CCc2cc(Cc3ccc(C(=O)OC)cc3)cc3[nH]c(=O)c(=O)n1c23
277,COC(=O)CC1CCc2cc(CC3COC3)cc3[nH]c(=O)c(=O)n1c23
278,COC(=O)CC1CCc2cc(C3CCCC4CC(NC(=O)OC(C)(C)C)C(=O)N43)cc3[nH]c(=O)c(=O)n1c23
279,COC(=O)CC1CCc2cc(C3CCc4[nH]nc(C)c4C3)cc3[nH]c(=O)c(=O)n1c23
280,COC(=O)CC1CCc2cc(C3CC(=O)CC3(C)C)cc3[nH]c(=O)c(=O)n1c23
281,COC(=O)CC1CCc2cc(C3CC4CC3C(=O)O4)cc3[nH]c(=O)c(=O)n1c23
282,COC(=O)CC1CCc2cc(C3CC(O)(c4ccccc4)C3)cc3[nH]c(=O)c(=O)n1c23
283,COC(=O)CC1CCc2cc(C3CC4CC(O)CC(C4)C3)cc3[nH]c(=O)c(=O)n1c23
284,COC(=O)CC1CCc2cc(C3CCCCC34CC4)cc3[nH]c(=O)c(=O)n1c23
285,COCc1n[nH]c2c1CC(c1cc3c4c(c1)[nH]c(=O)c(=O)n4C(CC(=O)OC)CC3)CC2
286,COC(=O)CC1CCc2cc(CC3CC4CCC(C3)N4C(=O)OC(C)(C)C)cc3[nH]c(=O)c(=O)n1c23
287,COC(=O)CC1CCc2cc(C[C@H]3CCCN(C4CCN(C(=O)OC(C)(C)C)CC4)C3=O)cc3[nH]c(=O)c(=O)n1c23
288,COC(=O)CC1CCc2cc(Cc3cccc(-n4cccn4)c3)cc3[nH]c(=O)c(=O)n1c23
289,COC(=O)CC1CCc2cc(CCc3ccc(-n4ccnn4)cc3)cc3[nH]c(=O)c(=O)n1c23
290,COC(=O)CC1CCc2cc(Cc3ccc(-n4nccn4)cc3)cc3[nH]c(=O)c(=O)n1c23
291,COC(=O)CC1CCc2cc(C3CN(C(=O)OC(C)(C)C)CC3(C)C)cc3[nH]c(=O)c(=O)n1c23
292,COC(=O)CC1CCc2cc(Cc3ccc4cnn(C)c4c3)cc3[nH]c(=O)c(=O)n1c23
293,COC(=O)CC1CCc2cc(C3CC[C@@H](C)N(C(=O)OCc4ccccc4)C3)cc3[nH]c(=O)c(=O)n1c23
294,COC(=O)CC1CCc2cc(C3CCN(C(=O)OC(C)(C)C)CC3C(=O)OC)cc3[nH]c(=O)c(=O)n1c23
295,CCOC(=O)c1ncn2c1CN(C)C(=O)c1cc(C3CC3)ccc1-2
296,CCOC(=O)c1ncn2c1CN(C)C(=O)c1cc(C3(c4ccc(Cl)cc4)CC3)ccc1-2
297,CCOC(=O)c1ncn2c1CN(C)C(=O)c1cc(C[C@@H]3C[C@H](C(C)=O)C3(C)C)ccc1-2
298,CCOC(=O)c1ncn2c1CN(C)C(=O)c1cc(C3CCCC3)ccc1-2
299,CCOC(=O)c1ncn2c1CN(C)C(=O)c1cc(C3CCCCC3)ccc1-2
300,CCOC(=O)c1ncn2c1CN(C)C(=O)c1cc(CO[C@@H]3C[C@H](C)CC[C@H]3C(C)C)ccc1-2
301,CCOC(=O)c1ncn2c1CN(C)C(=O)c1cc(C(C)Oc3ccccc3)ccc1-2
302,CCOC(=O)c1ncn2c1CN(C)C(=O)c1cc(C(CC)Oc3ccccc3)ccc1-2
303,CCOC(=O)c1ncn2c1CN(C)C(=O)c1cc(CCc3ccc(O)cc3)ccc1-2
304,CCOC(=O)c1ncn2c1CN(C)C(=O)c1cc(CC[C@@H](C)[C@H]3CC[C@H]4[C@@H]5[C@H](O)C[C@@H]6C[C@H](O)CC[C@]6(C)[C@H]5C[C@H](O)[C@]34C)ccc1-2
305,CCOC(=O)c1ncn2c1CN(C)C(=O)c1cc(C3CCCCCC3)ccc1-2
306,CCOC(=O)c1ncn2c1CN(C)C(=O)c1cc(COc3ccccc3Cl)ccc1-2
307,CCOC(=O)c1ncn2c1CN(C)C(=O)c1cc(COc3ccc(Cl)cc3)ccc1-2
308,CCOC(=O)c1ncn2c1CN(C)C(=O)c1cc(COC)ccc1-2
309,CCOC(=O)c1ncn2c1CN(C)C(=O)c1cc(Cc3ccccc3O)ccc1-2
310,CCOC(=O)c1ncn2c1CN(C)C(=O)c1cc(Cc3ccc(F)cc3)ccc1-2
311,CCOC(=O)c1ncn2c1CN(C)C(=O)c1cc(Cc3ccc(Cl)cc3)ccc1-2
312,CCOC(=O)c1ncn2c1CN(C)C(=O)c1cc(Cc3ccc(OC)cc3)ccc1-2
313,CCOC(=O)c1ncn2c1CN(C)C(=O)c1cc(Cc3ccc(O)cc3)ccc1-2
314,CCOC(=O)c1ncn2c1CN(C)C(=O)c1cc(Cc3ccc(C(F)(F)F)cc3)ccc1-2
315,CCCCc1ccc2c(c1)C(=O)N(C)Cc1c(C(=O)OCC)ncn1-2
316,CCOC(=O)c1ncn2c1CN(C)C(=O)c1cc(CCCCCNC(C)=O)ccc1-2
317,CCOC(=O)c1ncn2c1CN(C)C(=O)c1cc(CCCc3cccs3)ccc1-2
318,CCOC(=O)c1ncn2c1CN(C)C(=O)c1cc(CN3C(=O)c4ccccc4C3=O)ccc1-2
319,CCOC(=O)c1ncn2c1CN(C)C(=O)c1cc(C(CCSC)NC(C)=O)ccc1-2
320,CCOC(=O)c1ncn2c1CN(C)C(=O)c1cc(C3C(C)(C)C3(C)C)ccc1-2
321,CCOC(=O)c1ncn2c1CN(C)C(=O)c1cc(C3CC[C@@H]4CCC[C@H]34)ccc1-2
322,CCOC(=O)c1ncn2c1CN(C)C(=O)c1cc(C3CC(=O)N(C)C3)ccc1-2
323,CCOC(=O)c1ncn2c1CN(C)C(=O)c1cc(COc3ccccc3OC)ccc1-2
324,CCOC(=O)c1ncn2c1CN(C)C(=O)c1cc(COc3ccccc3C)ccc1-2
325,CCOC(=O)c1ncn2c1CN(C)C(=O)c1cc(COc3ccc(C)cc3C)ccc1-2
326,CCOC(=O)c1ncn2c1CN(C)C(=O)c1cc(COc3cc(C)ccc3C)ccc1-2
327,CCOC(=O)c1ncn2c1CN(C)C(=O)c1cc(COc3cccc(OC)c3)ccc1-2
328,CCOC(=O)c1ncn2c1CN(C)C(=O)c1cc(COc3ccc(OC)cc3)ccc1-2
329,CCOC(=O)c1ncn2c1CN(C)C(=O)c1cc(COc3ccc(OCc4ccccc4)cc3)ccc1-2
330,CCOC(=O)c1ncn2c1CN(C)C(=O)c1cc(COc3ccc(O)cc3)ccc1-2
331,CCOC(=O)c1ncn2c1CN(C)C(=O)c1cc(COc3ccc(CC)cc3)ccc1-2
332,CCCCCCCCC#CCCCCCCCc1ccc2c(c1)C(=O)N(C)Cc1c(C(=O)OCC)ncn1-2
333,CCOC(=O)c1ncn2c1CN(C)C(=O)c1cc(COc3cccc(Cl)c3)ccc1-2
334,CCOC(=O)c1ncn2c1CN(C)C(=O)c1cc(COc3cccc(C=O)c3)ccc1-2
335,CCOC(=O)c1ncn2c1CN(C)C(=O)c1cc(C(Cc3ccccc3)NC(=O)OCc3ccccc3)ccc1-2
336,CCOC(=O)c1ncn2c1CN(C)C(=O)c1cc(CC(C)c3ccc(Cl)cc3)ccc1-2
337,CCOC(=O)c1ncn2c1CN(C)C(=O)c1cc(CNC(=O)Cc3ccccc3)ccc1-2
338,CCOC(=O)c1ncn2c1CN(C)C(=O)c1cc(COc3ccc(C(C)(C)C)cc3)ccc1-2
339,CCOC(=O)c1ncn2c1CN(C)C(=O)c1cc(C3CCCO3)ccc1-2
340,CCOC(=O)c1ncn2c1CN(C)C(=O)c1cc(CSc3nc4ccccc4[nH]3)ccc1-2
341,CCOC(=O)c1ncn2c1CN(C)C(=O)c1cc(CCCSc3nc4ccccc4s3)ccc1-2
342,CCOC(=O)c1ncn2c1CN(C)C(=O)c1cc(CCN3C(=O)c4ccccc4C3=O)ccc1-2
343,CCOC(=O)c1ncn2c1CN(C)C(=O)c1cc(C3CCOCC3)ccc1-2
344,CCOC(=O)c1ncn2c1CN(C)C(=O)c1cc(CN(C)S(=O)(=O)c3ccccc3)ccc1-2
345,CCOC(=O)c1ncn2c1CN(C)C(=O)c1cc(CSc3ccc(C)cc3)ccc1-2
346,CCOC(=O)c1ncn2c1CN(C)C(=O)c1cc(C(Cc3ccc(O)cc3)NC(=O)OCc3ccccc3)ccc1-2
347,CCOC(=O)c1ncn2c1CN(C)C(=O)c1cc(CCNC(=O)c3ccccc3)ccc1-2
348,CCOC(=O)c1ncn2c1CN(C)C(=O)c1cc(C3CCCN3C(=O)[C@H](C)NC(=O)OCc3ccccc3)ccc1-2
349,CCOC(=O)c1ncn2c1CN(C)C(=O)c1cc(C3C[C@@H](O)CN3C(C)=O)ccc1-2
350,CCOC(=O)c1ncn2c1CN(C)C(=O)c1cc(C3CCCN3C(=O)CNC(=O)OCc3ccccc3)ccc1-2
351,CCOC(=O)c1ncn2c1CN(C)C(=O)c1cc(C3N(C(=O)OC(C)(C)C)CSC3(C)C)ccc1-2
352,CCOC(=O)c1ncn2c1CN(C)C(=O)c1cc(C(NC(=O)OC(C)(C)C)[C@H](C)O)ccc1-2
353,CCOC(=O)c1ncn2c1CN(C)C(=O)c1cc(C(Cc3cn(C=O)c4ccccc34)NC(=O)OC(C)(C)C)ccc1-2
354,CCOC(=O)c1ncn2c1CN(C)C(=O)c1cc(C(CC(N)=O)NC(=O)OC(C)(C)C)ccc1-2
355,CCOC(=O)c1ncn2c1CN(C)C(=O)c1cc(C(Cc3ccc(OC(C)=O)cc3)NC(C)=O)ccc1-2
356,CCOC(=O)c1ncn2c1CN(C)C(=O)c1cc(C(NC(=O)OC(C)(C)C)C(C)C)ccc1-2
357,CCOC(=O)c1ncn2c1CN(C)C(=O)c1cc(C(CC(C)C)N(C)C(=O)OC(C)(C)C)ccc1-2
358,CCOC(=O)c1ncn2c1CN(C)C(=O)c1cc(C(Cc3ccccc3)N(C)C(=O)OC(C)(C)C)ccc1-2
359,CCOC(=O)c1ncn2c1CN(C)C(=O)c1cc(Cc3ccc(C(C)C)cc3)ccc1-2
360,CCOC(=O)c1ncn2c1CN(C)C(=O)c1cc(C3CCC(C(C)(C)C)CC3)ccc1-2
361,CCOC(=O)c1ncn2c1CN(C)C(=O)c1cc(CCCCCCC(C)C)ccc1-2
362,CCOC(=O)c1ncn2c1CN(C)C(=O)c1cc(C3CCc4ccccc4O3)ccc1-2
363,CCOC(=O)c1ncn2c1CN(C)C(=O)c1cc(CCOc3cccc(OC)c3)ccc1-2
364,CCOC(=O)c1ncn2c1CN(C)C(=O)c1cc(CNC(=O)CNC(=O)c3ccccc3)ccc1-2
365,CCOC(=O)c1ncn2c1CN(C)C(=O)c1cc(Cn3ccc4ccccc43)ccc1-2
366,CCOC(=O)c1ncn2c1CN(C)C(=O)c1cc(COc3ccc(OC(F)(F)F)cc3)ccc1-2
367,CCOC(=O)c1ncn2c1CN(C)C(=O)c1cc(CNC(=O)[C@H](CCC(N)=O)NC(=O)OCc3ccccc3)ccc1-2
368,CCOC(=O)c1ncn2c1CN(C)C(=O)c1cc(CCC(=O)c3ccc(-c4ccccc4)cc3)ccc1-2
369,CCOC(=O)c1ncn2c1CN(C)C(=O)c1cc(Cc3c(C)n(C(=O)c4ccc(Cl)cc4)c4ccc(OC)cc34)ccc1-2
370,CCOC(=O)c1ncn2c1CN(C)C(=O)c1cc(COc3ccc(C=O)c(OC)c3)ccc1-2
371,CCOC(=O)c1ncn2c1CN(C)C(=O)c1cc(C(Cc3cccs3)NC(=O)OC(C)(C)C)ccc1-2
372,CCOC(=O)c1ncn2c1CN(C)C(=O)c1cc(C(C)NC(=O)OC(C)(C)C)ccc1-2
373,CCOC(=O)c1ncn2c1CN(C)C(=O)c1cc(C(C)NC(=O)c3ccccc3)ccc1-2
374,CCOC(=O)c1ncn2c1CN(C)C(=O)c1cc(C(CO)NC(=O)OC(C)(C)C)ccc1-2
375,CCOC(=O)c1ncn2c1CN(C)C(=O)c1cc(C(CO)NC(=O)OCc3ccccc3)ccc1-2
376,CCOC(=O)c1ncn2c1CN(C)C(=O)c1cc(C3CCCN3C(C)=O)ccc1-2
377,CCOC(=O)c1ncn2c1CN(C)C(=O)c1cc(CCCCCCNC(=O)OC(C)(C)C)ccc1-2
378,CCCCCCCC/C=C\CCCCCCCc1ccc2c(c1)C(=O)N(C)Cc1c(C(=O)OCC)ncn1-2
379,CCOC(=O)c1ncn2c1CN(C)C(=O)c1cc(C(CCC(N)=O)NC(=O)OC(C)(C)C)ccc1-2
380,CCOC(=O)c1ncn2c1CN(C)C(=O)c1cc(C(Cc3ccc(OC(C)(C)C)cc3)NC(=O)OC(C)(C)C)ccc1-2
381,CCOC(=O)c1ncn2c1CN(C)C(=O)c1cc(C(Cc3c[nH]c4ccccc34)NC(=O)OCc3ccccc3)ccc1-2
382,CCOC(=O)c1ncn2c1CN(C)C(=O)c1cc(C(Cc3cn(Cc4ccccc4)cn3)NC(=O)OC(C)(C)C)ccc1-2
383,CCOC(=O)c1ncn2c1CN(C)C(=O)c1cc(Cc3cccnc3)ccc1-2
384,CCOC(=O)c1ncn2c1CN(C)C(=O)c1cc(CC[C@@H](C)[C@H]3CC[C@H]4[C@@H]5C(=O)C[C@@H]6CC(=O)CC[C@]6(C)[C@H]5CC(=O)[C@]34C)ccc1-2
385,CCOC(=O)c1ncn2c1CN(C)C(=O)c1cc(CSCCS(=O)(=O)c3ccccc3)ccc1-2
386,CCOC(=O)c1ncn2c1CN(C)C(=O)c1cc(C[C@]34C[C@H]5C[C@H](C[C@H](C5)C3)C4)ccc1-2
387,CCOC(=O)c1ncn2c1CN(C)C(=O)c1cc(C3CCCC(C)C3)ccc1-2
388,CCOC(=O)c1ncn2c1CN(C)C(=O)c1cc(C3CCCC(OC)C3)ccc1-2
389,CCOC(=O)c1ncn2c1CN(C)C(=O)c1cc(C3CCOC3)ccc1-2
390,CCOC(=O)c1ncn2c1CN(C)C(=O)c1cc(CCCCCCCCCCNC(=O)OC(C)(C)C)ccc1-2
391,CCOC(=O)c1ncn2c1CN(C)C(=O)c1cc(CC[C@H](NC(=O)OC(C)(C)C)C(=O)OC)ccc1-2
392,CCOC(=O)c1ncn2c1CN(C)C(=O)c1cc(C3CCCN3C(=O)[C@@H](NC(=O)OC(C)(C)C)C(C)C)ccc1-2
393,CCOC(=O)c1ncn2c1CN(C)C(=O)c1cc(C3CCN(C(=O)OC(C)(C)C)CC3)ccc1-2
394,CCOC(=O)c1ncn2c1CN(C)C(=O)c1cc(C(CC)NC(=O)OCc3ccccc3)ccc1-2
395,CCOC(=O)c1ncn2c1CN(C)C(=O)c1cc(C(CCCNC(=N)NS(=O)(=O)c3ccc(C)cc3)NC(=O)OCc3ccccc3)ccc1-2
396,CCOC(=O)c1ncn2c1CN(C)C(=O)c1cc(C(Cc3cccnc3)NC(=O)OC(C)(C)C)ccc1-2
397,CCOC(=O)c1ncn2c1CN(C)C(=O)c1cc(C[C@H](NC(C)=O)C(=O)OC)ccc1-2
398,CCOC(=O)c1ncn2c1CN(C)C(=O)c1cc(C(C)O[C@H]3[C@H](O)[C@@H](CO)O[C@H](O)[C@@H]3NC(C)=O)ccc1-2
399,CCOC(=O)c1ncn2c1CN(C)C(=O)c1cc(C3CC(=O)N(Cc4cccs4)C3)ccc1-2
400,CCOC(=O)c1ncn2c1CN(C)C(=O)c1cc(C3CC(=O)C3)ccc1-2
401,CCOC(=O)c1ncn2c1CN(C)C(=O)c1cc(C3CCC(=O)CC3)ccc1-2
402,CCOC(=O)c1ncn2c1CN(C)C(=O)c1cc(C(C)OC)ccc1-2
403,CCOC(=O)c1ncn2c1CN(C)C(=O)c1cc(C(CC(=O)OC)NC(=O)OCc3ccccc3)ccc1-2
404,CCOC(=O)c1ncn2c1CN(C)C(=O)c1cc(C[C@H](C)O)ccc1-2
405,CCOC(=O)c1ncn2c1CN(C)C(=O)c1cc(COc3ccccc3-c3ccccc3)ccc1-2
406,CCOC(=O)c1ncn2c1CN(C)C(=O)c1cc(C3C[C@@H](OC(C)(C)C)CN3C(=O)OCc3ccccc3)ccc1-2
407,CCOC(=O)c1ncn2c1CN(C)C(=O)c1cc(CNC(=O)[C@H](CCSC)NC(=O)OC(C)(C)C)ccc1-2
408,CCOC(=O)c1ncn2c1CN(C)C(=O)c1cc(C(CCSC)NC(=O)OC(C)(C)C)ccc1-2
409,CCOC(=O)c1ncn2c1CN(C)C(=O)c1cc(C(C)N3C(=O)c4ccccc4C3=O)ccc1-2
410,CCOC(=O)c1ncn2c1CN(C)C(=O)c1cc(C3CCN(c4ccc(C(F)(F)F)cn4)CC3)ccc1-2
411,CCOC(=O)c1ncn2c1CN(C)C(=O)c1cc(CSc3ccc(C(C)(C)C)cc3)ccc1-2
412,CCOC(=O)c1ncn2c1CN(C)C(=O)c1cc(Cn3nc(-c4ccccc4)c4ccccc4c3=O)ccc1-2
413,CCOC(=O)c1ncn2c1CN(C)C(=O)c1cc(C(CCCCNC(C)=O)NC(C)=O)ccc1-2
414,CCOC(=O)c1ncn2c1CN(C)C(=O)c1cc(C3CCCCN3C(=O)OC(C)(C)C)ccc1-2
415,CCOC(=O)c1ncn2c1CN(C)C(=O)c1cc(C(NC(=O)[C@@H](NC(=O)OC(C)(C)C)C(C)C)C(C)C)ccc1-2
416,CCOC(=O)c1ncn2c1CN(C)C(=O)c1cc(C3COc4ccccc4O3)ccc1-2
417,CCOC(=O)NC(Cc1ccccc1)c1ccc2c(c1)C(=O)N(C)Cc1c(C(=O)OCC)ncn1-2
418,CCOC(=O)c1ncn2c1CN(C)C(=O)c1cc(CCc3cccnc3)ccc1-2
419,CCOC(=O)c1ncn2c1CN(C)C(=O)c1cc(Cn3cc(C)c(=O)[nH]c3=O)ccc1-2
420,CCOC(=O)c1ncn2c1CN(C)C(=O)c1cc(CSc3nnc(-c4ccccc4OC(C)C)[nH]3)ccc1-2
421,CCCOc1ccc(Cc2ccc3c(c2)C(=O)N(C)Cc2c(C(=O)OCC)ncn2-3)cc1
422,CCOC(=O)c1ncn2c1CN(C)C(=O)c1cc(C3CCCN3C(=O)OC(C)(C)C)ccc1-2
423,CCOC(=O)c1ncn2c1CN(C)C(=O)c1cc(CN(C)C(=O)c3ccco3)ccc1-2
424,CCOC(=O)c1ncn2c1CN(C)C(=O)c1cc(C3COc4cc(OC)ccc4C3)ccc1-2
425,CCCCCCC(CCCC)c1ccc2c(c1)C(=O)N(C)Cc1c(C(=O)OCC)ncn1-2
426,CCOC(=O)c1ncn2c1CN(C)C(=O)c1cc(C3CC(=O)N(C4CCCCC4)C3)ccc1-2
427,CCOC(=O)c1ncn2c1CN(C)C(=O)c1cc(Cn3ccc(-c4cccs4)n3)ccc1-2
428,CCOC(=O)c1ncn2c1CN(C)C(=O)c1cc(C3CCC(=O)c4ccccc4C3)ccc1-2
429,C#CCCCCCCc1ccc2c(c1)C(=O)N(C)Cc1c(C(=O)OCC)ncn1-2
430,CCOC(=O)c1ncn2c1CN(C)C(=O)c1cc(C(Cc3cccc(Cl)c3)NC(=O)OC(C)(C)C)ccc1-2
431,CCOC(=O)c1ncn2c1CN(C)C(=O)c1cc(C(Cc3ccncc3)NC(=O)OC(C)(C)C)ccc1-2
432,CCOC(=O)c1ncn2c1CN(C)C(=O)c1cc(CN3CCCC[C@H](NC(=O)OC(C)(C)C)C3=O)ccc1-2
433,CCOC(=O)c1ncn2c1CN(C)C(=O)c1cc(CCc3cc(C(F)(F)F)cc(C(F)(F)F)c3)ccc1-2
434,CCOC(=O)c1ncn2c1CN(C)C(=O)c1cc(C(C)OC(C)=O)ccc1-2
435,CCOC(=O)c1ncn2c1CN(C)C(=O)c1cc(C3CCOC(C)(C)C3)ccc1-2
436,CCOC(=O)c1ncn2c1CN(C)C(=O)c1cc(CCCC(=O)N3CCC(=O)CC3)ccc1-2
437,CCCC(C)(F)c1ccc2c(c1)C(=O)N(C)Cc1c(C(=O)OCC)ncn1-2
438,CCOC(=O)c1ncn2c1CN(C)C(=O)c1cc(CC3CCN(C(=O)OC(C)(C)C)CC3)ccc1-2
439,CCOC(=O)c1ncn2c1CN(C)C(=O)c1cc(C3CCCC[C@@H]3C(=O)c3ccccc3)ccc1-2
440,CCOC(=O)c1ncn2c1CN(C)C(=O)c1cc(C3C[C@@H](c4ccccc4)CC[C@H]3C(=O)c3ccccc3)ccc1-2
441,CCOC(=O)c1ncn2c1CN(C)C(=O)c1cc(C3CCC[C@@H]3NC(=O)OC(C)(C)C)ccc1-2
442,CCOC(=O)c1ncn2c1CN(C)C(=O)c1cc(C3CCC4CCCCC4C3)ccc1-2
443,CCOC(=O)c1ncn2c1CN(C)C(=O)c1cc(CC3CCCCCC3)ccc1-2
444,CCOC(=O)c1ncn2c1CN(C)C(=O)c1cc(C3CC[C@H](C(=O)OC)C3)ccc1-2
445,CCOC(=O)c1ncn2c1CN(C)C(=O)c1cc(C3CC[C@H](C(=O)c4ccccc4)C3)ccc1-2
446,CCOC(=O)c1ncn2c1CN(C)C(=O)c1cc(C3CCC[C@@H]3C(=O)c3ccccc3)ccc1-2
447,CCOC(=O)c1ncn2c1CN(C)C(=O)c1cc(C3CCC(C(=O)OC)CC3)ccc1-2
448,CCOC(=O)c1ncn2c1CN(C)C(=O)c1cc(C3CCC[C@@H](C(=O)c4ccccc4)C3)ccc1-2
449,CCOC(=O)c1ncn2c1CN(C)C(=O)c1cc(C3CCCC[C@@H]3CC(=O)c3ccccc3)ccc1-2
450,CCOC(=O)c1ncn2c1CN(C)C(=O)c1cc(CCCCC(=O)c3ccc(Cl)cc3)ccc1-2
451,CCOC(=O)c1ncn2c1CN(C)C(=O)c1cc(CCCC(=O)C3CC3)ccc1-2
452,CCOC(=O)c1ncn2c1CN(C)C(=O)c1cc(CCC(=O)C(C)(C)C)ccc1-2
453,CCOC(=O)c1ncn2c1CN(C)C(=O)c1cc(C3CC[C@@H](c4ccccc4)N3C(=O)OC(C)(C)C)ccc1-2
454,CCOC(=O)c1ncn2c1CN(C)C(=O)c1cc(C3C[C@@H](c4ccccc4)CN3C(=O)OC(C)(C)C)ccc1-2
455,CCOC(=O)c1ncn2c1CN(C)C(=O)c1cc(C3CCN3C(=O)OC(C)(C)C)ccc1-2
456,CCOC(=O)c1ncn2c1CN(C)C(=O)c1cc(Cn3c(=O)oc4ccccc43)ccc1-2
457,CCOC(=O)c1ncn2c1CN(C)C(=O)c1cc(C3CC(=O)N(c4cccc(OC)c4)C3)ccc1-2
458,CCOC(=O)c1ncn2c1CN(C)C(=O)c1cc(Cc3cc(Cl)ccc3F)ccc1-2
459,CCOC(=O)c1ncn2c1CN(C)C(=O)c1cc(C3CC(c4ccccc4)C3)ccc1-2
460,CCOC(=O)c1ncn2c1CN(C)C(=O)c1cc(C3CCC(C(C)C)CC3)ccc1-2
461,CCOC(=O)c1ncn2c1CN(C)C(=O)c1cc(CCc3nc4ccccc4s3)ccc1-2
462,CCOC(=O)c1ncn2c1CN(C)C(=O)c1cc(C3CN(C(=O)OC(C)(C)C)C3)ccc1-2
463,CCOC(=O)c1ncn2c1CN(C)C(=O)c1cc(C[C@@H](Cc3cccc(F)c3)NC(=O)OC(C)(C)C)ccc1-2
464,C=CC[C@H](Cc1ccc2c(c1)C(=O)N(C)Cc1c(C(=O)OCC)ncn1-2)NC(=O)OC(C)(C)C
465,CCOC(=O)c1ncn2c1CN(C)C(=O)c1cc(C3CCC(NC(=O)OC(C)(C)C)CC3)ccc1-2
466,CCOC(=O)c1ncn2c1CN(C)C(=O)c1cc(C3CCC[C@H](NC(=O)OC(C)(C)C)C3)ccc1-2
467,CCOC(=O)c1ncn2c1CN(C)C(=O)c1cc(C3CCCC[C@@H]3NC(=O)OC(C)(C)C)ccc1-2
468,CCOC(=O)c1ncn2c1CN(C)C(=O)c1cc(CC(C)CC(=O)c3ccccc3)ccc1-2
469,CCOC(=O)c1ncn2c1CN(C)C(=O)c1cc(Cn3cc(C(F)(F)F)ccc3=O)ccc1-2
470,CCOC(=O)c1ncn2c1CN(C)C(=O)c1cc(CC(NC(=O)OC(C)(C)C)c3ccc(OC)cc3)ccc1-2
471,CCOC(=O)c1ncn2c1CN(C)C(=O)c1cc(CC(NC(=O)OC(C)(C)C)c3cccc(Cl)c3)ccc1-2
472,CCOC(=O)c1ncn2c1CN(C)C(=O)c1cc(C3CCC(O)CC3)ccc1-2
473,CCOC(=O)c1ncn2c1CN(C)C(=O)c1cc(C(C)OCc3ccccc3)ccc1-2
474,CCOC(=O)c1ncn2c1CN(C)C(=O)c1cc(C3CC(=O)N(c4ccc(OC(C)C)cc4)C3)ccc1-2
475,CCOC(=O)c1ncn2c1CN(C)C(=O)c1cc(CC3CCCN(C(=O)OC(C)(C)C)C3)ccc1-2
476,CCOC(=O)c1ncn2c1CN(C)C(=O)c1cc(CCC3CCCN(C(=O)OC(C)(C)C)C3)ccc1-2
477,CCOC(=O)c1ncn2c1CN(C)C(=O)c1cc(CC3CN(C(=O)OC(C)(C)C)C3)ccc1-2
478,CCOC(=O)c1ncn2c1CN(C)C(=O)c1cc(C3CCN(C(=O)OCc4ccccc4)C3)ccc1-2
479,CCOC(=O)c1ncn2c1CN(C)C(=O)c1cc(C3CN(C(=O)OC(C)(C)C)CCN3C(=O)OC(C)(C)C)ccc1-2
480,CCOC(=O)c1ncn2c1CN(C)C(=O)c1cc(C3CN(C(=O)OC(C)(C)C)CCC3c3ccccc3)ccc1-2
481,CCOC(=O)c1ncn2c1CN(C)C(=O)c1cc(C3CC(c4ccccc4)CN(C(=O)OC(C)(C)C)C3)ccc1-2
482,CCOC(=O)c1ncn2c1CN(C)C(=O)c1cc(C3CCCN(C(=O)OC(C)(C)C)C3)ccc1-2
483,CCOC(=O)c1ncn2c1CN(C)C(=O)c1cc(Cn3cc(Cl)c(=O)c(Cl)c3)ccc1-2
484,CCOC(=O)c1ncn2c1CN(C)C(=O)c1cc(CC3c4cc(OC)c(OC)cc4CCN3C(=O)OC(C)(C)C)ccc1-2
485,CCOC(=O)c1ncn2c1CN(C)C(=O)c1cc(C3CC[C@H](NC(=O)OC(C)(C)C)C3)ccc1-2
486,CCOC(=O)c1ncn2c1CN(C)C(=O)c1cc(Cn3cnc4sc5c(c4c3=O)CCCC5)ccc1-2
487,CCOC(=O)c1ncn2c1CN(C)C(=O)c1cc(CC(C)n3nc(C)cc3C)ccc1-2
488,CCOC(=O)c1ncn2c1CN(C)C(=O)c1cc(Cc3nc(C)sc3C)ccc1-2
489,CCOC(=O)c1ncn2c1CN(C)C(=O)c1cc(C3[C@@H]4CC[C@@H](C4)[C@H]3NC(=O)OC(C)(C)C)ccc1-2
490,CCOC(=O)c1ncn2c1CN(C)C(=O)c1cc(C3CSCCN3C(=O)OC(C)(C)C)ccc1-2
491,CCOC(=O)c1ncn2c1CN(C)C(=O)c1cc(CN3CC[C@H](NC(=O)OC(C)(C)C)C3=O)ccc1-2
492,CCOC(=O)c1ncn2c1CN(C)C(=O)c1cc(C3CCCCC3O)ccc1-2
493,CCOC(=O)c1ncn2c1CN(C)C(=O)c1cc(C(CNC(=O)OC(C)(C)C)Cc3ccccc3)ccc1-2
494,CCOC(=O)c1ncn2c1CN(C)C(=O)c1cc(C3Cc4ccccc4O3)ccc1-2
495,CCOC(=O)c1ncn2c1CN(C)C(=O)c1cc(C[C@H]3CCCN(C(=O)OC(C)(C)C)C3)ccc1-2
496,CCOC(=O)c1ncn2c1CN(C)C(=O)c1cc(C3CCN(C(=O)OC(C)(C)C)C3)ccc1-2
497,CCOC(=O)c1ncn2c1CN(C)C(=O)c1cc(C3CC(=O)CCN3C(=O)OC(C)(C)C)ccc1-2
498,CCOC(=O)c1ncn2c1CN(C)C(=O)c1cc(C3CC(F)(F)CN3C(=O)OC(C)(C)C)ccc1-2
499,CCOC(=O)c1ncn2c1CN(C)C(=O)c1cc(CSc3cn(C)c4ccccc34)ccc1-2
500,CCOC(=O)c1ncn2c1CN(C)C(=O)c1cc(Cn3nccc3C)ccc1-2
501,CCOC(=O)c1ncn2c1CN(C)C(=O)c1cc(CC(NC(=O)OCc3ccccc3)C3CCN(C(=O)OC(C)(C)C)CC3)ccc1-2
502,CCOC(=O)c1ncn2c1CN(C)C(=O)c1cc(C3CN(C(=O)OC(C)(C)C)CCS3)ccc1-2
503,CCOC(=O)c1ncn2c1CN(C)C(=O)c1cc(COC(C)(C)C)ccc1-2
504,CCOC(=O)c1ncn2c1CN(C)C(=O)c1cc(C3CCC(F)(F)CC3)ccc1-2
505,CCOC(=O)c1ncn2c1CN(C)C(=O)c1cc(CCCC(=O)c3ccccc3Cl)ccc1-2
506,CCOC(=O)c1ncn2c1CN(C)C(=O)c1cc(C(C)Oc3ccc(C=O)cc3)ccc1-2
507,CCOC(=O)c1ncn2c1CN(C)C(=O)c1cc(C(CCC(=O)OC)NC(=O)OC(C)(C)C)ccc1-2
508,CCOC(=O)c1ncn2c1CN(C)C(=O)c1cc(CC3CN(C(=O)OC(C)(C)C)CCO3)ccc1-2
509,CCOC(=O)c1ncn2c1CN(C)C(=O)c1cc(C3COCCN3C(=O)OC(C)(C)C)ccc1-2
510,CCOC(=O)c1ncn2c1CN(C)C(=O)c1cc(CCCC3CCN(C(=O)OC(C)(C)C)CC3)ccc1-2
511,CCOC(=O)c1ncn2c1CN(C)C(=O)c1cc(C3CSCN3C(=O)OCC)ccc1-2
512,CCOC(=O)c1ncn2c1CN(C)C(=O)c1cc(C3C[C@@H](c4ccccc4)CC[C@@H]3NC(=O)OC(C)(C)C)ccc1-2
513,CCOC(=O)c1ncn2c1CN(C)C(=O)c1cc(Cn3nc(C)nc3C)ccc1-2
514,CCOC(=O)c1ncn2c1CN(C)C(=O)c1cc(CCn3nc(C)c(C(C)=O)c3C)ccc1-2
515,CCOC(=O)c1ncn2c1CN(C)C(=O)c1cc(Cc3c(C)cccc3C)ccc1-2
516,CCOC(=O)c1ncn2c1CN(C)C(=O)c1cc(C(C)F)ccc1-2
517,CCOC(=O)c1ncn2c1CN(C)C(=O)c1cc(C3COCCO3)ccc1-2
518,CCOC(=O)c1ncn2c1CN(C)C(=O)c1cc(C3CCCN(c4ncnc5sccc45)C3)ccc1-2
519,CCOC(=O)c1ncn2c1CN(C)C(=O)c1cc(CC(NC(=O)OC(C)(C)C)C3CCC3)ccc1-2
520,CCOC(=O)c1ncn2c1CN(C)C(=O)c1cc(C3CC(NC(=O)OCc4ccccc4)C3)ccc1-2
521,CCOC(=O)c1ncn2c1CN(C)C(=O)c1cc(C3CCCN(C(=O)OC(C)(C)C)C3c3ccccc3)ccc1-2
522,CCOC(=O)c1ncn2c1CN(C)C(=O)c1cc(C3C(c4ccccc4)CCN3C(=O)OC(C)(C)C)ccc1-2
523,CCOC(=O)c1ncn2c1CN(C)C(=O)c1cc(CCc3cn(C(=O)OC(C)(C)C)c4ccccc34)ccc1-2
524,CCOC(=O)c1ncn2c1CN(C)C(=O)c1cc(C3CN(C(=O)OC(C)(C)C)CC3Cc3ccccc3)ccc1-2
525,CCOC(=O)c1ncn2c1CN(C)C(=O)c1cc(C3CC(c4ccccc4)CN3C(=O)OC(C)(C)C)ccc1-2
526,CCOC(=O)c1ncn2c1CN(C)C(=O)c1cc(Cc3ccc(C#N)cc3)ccc1-2
527,CCOC(=O)c1ncn2c1CN(C)C(=O)c1cc(C3CCN(C(=O)c4ccc(B(O)O)cc4)CC3)ccc1-2
528,CCOC(=O)c1ncn2c1CN(C)C(=O)c1cc(C3(c4cccc(Cl)c4)CC3)ccc1-2
529,CCOC(=O)c1ncn2c1CN(C)C(=O)c1cc(C3CCCCO3)ccc1-2
530,CCOC(=O)c1ncn2c1CN(C)C(=O)c1cc(C3CN(C(=O)c4ccccc4)C3)ccc1-2
531,CCOC(=O)c1ncn2c1CN(C)C(=O)c1cc(C3CCN(C(=O)OC(C)(C)C)C[C@@H]3C)ccc1-2
532,CCOC(=O)c1ncn2c1CN(C)C(=O)c1cc(CN(C)c3ncc(C=O)cn3)ccc1-2
533,CCOC(=O)c1ncn2c1CN(C)C(=O)c1cc(COc3ccc(CCC(C)=O)cc3)ccc1-2
534,CCOC(=O)c1ncn2c1CN(C)C(=O)c1cc(CCc3cnccn3)ccc1-2
535,CCOC(=O)c1ncn2c1CN(C)C(=O)c1cc(CN3C(=O)COCC3=O)ccc1-2
536,CCOC(=O)c1ncn2c1CN(C)C(=O)c1cc(CC3(c4ccccc4)CCN(C(=O)OC(C)(C)C)C3)ccc1-2
537,CCOC(=O)c1ncn2c1CN(C)C(=O)c1cc(Cn3c(-c4ccccc4)nc4ccccc43)ccc1-2
538,CCOC(=O)c1ncn2c1CN(C)C(=O)c1cc(C3CCC3(F)F)ccc1-2
539,CCOC(=O)c1ncn2c1CN(C)C(=O)c1cc(C3CC(NC(=O)OC(C)(C)C)C3)ccc1-2
540,CCOC(=O)c1ncn2c1CN(C)C(=O)c1cc(C3CC34CCCC4)ccc1-2
541,CCOC(=O)c1ncn2c1CN(C)C(=O)c1cc(C3CC3(CC)CC)ccc1-2
542,CCOC(=O)c1ncn2c1CN(C)C(=O)c1cc(CCc3nc4ccccc4n3C(=O)OC(C)(C)C)ccc1-2
543,CCOC(=O)c1ncn2c1CN(C)C(=O)c1cc(C3COCC(=O)N3Cc3ccccc3)ccc1-2
544,CCOC(=O)c1ncn2c1CN(C)C(=O)c1cc(C3CCCN(c4ncc(-c5ccc6c(c5)OCO6)cn4)C3)ccc1-2
545,CCOC(=O)c1ncn2c1CN(C)C(=O)c1cc(C3CCC4(CC3)OC(=O)c3ccncc34)ccc1-2
546,CCOC(=O)c1ncn2c1CN(C)C(=O)c1cc(CC3CN4CCC3CC4)ccc1-2
547,CCOC(=O)c1ncn2c1CN(C)C(=O)c1cc(C3CCC4(CC3)OCCO4)ccc1-2
548,CCOC(=O)c1ncn2c1CN(C)C(=O)c1cc(CC3CCC(NC(=O)OC(C)(C)C)CC3)ccc1-2
549,CCOC(=O)c1ncn2c1CN(C)C(=O)c1cc(Cc3cccc(-c4ccccn4)c3)ccc1-2
550,CCOC(=O)c1ncn2c1CN(C)C(=O)c1cc(C3CCC(c4ccccc4)C3)ccc1-2
551,CCOC(=O)c1ncn2c1CN(C)C(=O)c1cc(C3(F)CCOCC3)ccc1-2
552,CCOC(=O)c1ncn2c1CN(C)C(=O)c1cc(CC3CCN3C(=O)OC(C)(C)C)ccc1-2
553,CCOC(=O)c1ncn2c1CN(C)C(=O)c1cc(C3CC4(CCN(C(=O)OC(C)(C)C)CC4)C3)ccc1-2
554,CCOC(=O)c1ncn2c1CN(C)C(=O)c1cc(CC3CCC4(CC3)CCN(C(=O)OC(C)(C)C)CC4)ccc1-2
555,CCOC(=O)c1ncn2c1CN(C)C(=O)c1cc(Cc3ccc4c(c3)CCN(C(=O)OC(C)(C)C)C4)ccc1-2
556,CCOC(=O)c1ncn2c1CN(C)C(=O)c1cc(CCc3ccc4c(c3)CCN(C(=O)OC(C)(C)C)C4)ccc1-2
557,CCOC(=O)c1ncn2c1CN(C)C(=O)c1cc(C3(c4ccc(Cl)nc4)CC3)ccc1-2
558,CCOC(=O)c1ncn2c1CN(C)C(=O)c1cc(C3C4COCC43)ccc1-2
559,CCOC(=O)c1ncn2c1CN(C)C(=O)c1cc(CC3(NC(=O)OC(C)(C)C)CCC3)ccc1-2
560,CCOC(=O)c1ncn2c1CN(C)C(=O)c1cc(C3CCNC(=O)C3)ccc1-2
561,CCOC(=O)c1ncn2c1CN(C)C(=O)c1cc(C3CCC(F)(F)C3)ccc1-2
562,CCOC(=O)c1ncn2c1CN(C)C(=O)c1cc(C3CCCN(C(=O)OCc4ccccc4)CC3)ccc1-2
563,CCOC(=O)c1ncn2c1CN(C)C(=O)c1cc(C3COC(c4ccccc4)CO3)ccc1-2
564,CCOC(=O)c1ncn2c1CN(C)C(=O)c1cc(C3CC(Oc4ccccc4)C3)ccc1-2
565,CCOC(=O)c1ncn2c1CN(C)C(=O)c1cc(C3C4CCC3CN(C(=O)OC(C)(C)C)C4)ccc1-2
566,CCOC(=O)c1ncn2c1CN(C)C(=O)c1cc(C3CN(C(=O)OC(C)(C)C)C[C@@H]3c3ccccc3F)ccc1-2
567,CCOC(=O)c1ncn2c1CN(C)C(=O)c1cc(Cc3c[nH]c4cnccc34)ccc1-2
568,CCOC(=O)c1ncn2c1CN(C)C(=O)c1cc(Cc3cnc(OC)c(OC)c3)ccc1-2
569,CCOC(=O)c1ncn2c1CN(C)C(=O)c1cc(C3(N(C)C(=O)OC(C)(C)C)CC3)ccc1-2
570,CCOC(=O)c1ncn2c1CN(C)C(=O)c1cc(COCc3ccccc3C)ccc1-2
571,CCOC(=O)c1ncn2c1CN(C)C(=O)c1cc(Cc3ccc(C(=O)OC)cc3)ccc1-2
572,CCOC(=O)c1ncn2c1CN(C)C(=O)c1cc(CC3COC3)ccc1-2
573,CCOC(=O)c1ncn2c1CN(C)C(=O)c1cc(C3CCCC4CC(NC(=O)OC(C)(C)C)C(=O)N43)ccc1-2
574,CCOC(=O)c1ncn2c1CN(C)C(=O)c1cc(C3CCc4[nH]nc(C)c4C3)ccc1-2
575,CCOC(=O)c1ncn2c1CN(C)C(=O)c1cc(C3CC(=O)CC3(C)C)ccc1-2
576,CCOC(=O)c1ncn2c1CN(C)C(=O)c1cc(C3CC4CC3C(=O)O4)ccc1-2
577,CCOC(=O)c1ncn2c1CN(C)C(=O)c1cc(C3CC(O)(c4ccccc4)C3)ccc1-2
578,CCOC(=O)c1ncn2c1CN(C)C(=O)c1cc(C3CC4CC(O)CC(C4)C3)ccc1-2
579,CCOC(=O)c1ncn2c1CN(C)C(=O)c1cc(C3CCCCC34CC4)ccc1-2
580,CCOC(=O)c1ncn2c1CN(C)C(=O)c1cc(C3CCc4[nH]nc(COC)c4C3)ccc1-2
581,CCOC(=O)c1ncn2c1CN(C)C(=O)c1cc(CC3CC4CCC(C3)N4C(=O)OC(C)(C)C)ccc1-2
582,CCOC(=O)c1ncn2c1CN(C)C(=O)c1cc(C[C@H]3CCCN(C4CCN(C(=O)OC(C)(C)C)CC4)C3=O)ccc1-2
583,CCOC(=O)c1ncn2c1CN(C)C(=O)c1cc(Cc3cccc(-n4cccn4)c3)ccc1-2
584,CCOC(=O)c1ncn2c1CN(C)C(=O)c1cc(CCc3ccc(-n4ccnn4)cc3)ccc1-2
585,CCOC(=O)c1ncn2c1CN(C)C(=O)c1cc(Cc3ccc(-n4nccn4)cc3)ccc1-2
586,CCOC(=O)c1ncn2c1CN(C)C(=O)c1cc(C3CN(C(=O)OC(C)(C)C)CC3(C)C)ccc1-2
587,CCOC(=O)c1ncn2c1CN(C)C(=O)c1cc(Cc3ccc4cnn(C)c4c3)ccc1-2
588,CCOC(=O)c1ncn2c1CN(C)C(=O)c1cc(C3CC[C@@H](C)N(C(=O)OCc4ccccc4)C3)ccc1-2
589,CCOC(=O)c1ncn2c1CN(C)C(=O)c1cc(C3CCN(C(=O)OC(C)(C)C)CC3C(=O)OC)ccc1-2
590,CN1C(=O)C[C@@](C)(c2cc(C3CC3)cs2)N/C1=N/C(=O)OC(C)(C)C
591,CN1C(=O)C[C@@](C)(c2cc(C3(c4ccc(Cl)cc4)CC3)cs2)N/C1=N/C(=O)OC(C)(C)C
592,CC(=O)[C@H]1C[C@@H](Cc2csc([C@]3(C)CC(=O)N(C)/C(=N\C(=O)OC(C)(C)C)N3)c2)C1(C)C
593,CN1C(=O)C[C@@](C)(c2cc(C3CCCC3)cs2)N/C1=N/C(=O)OC(C)(C)C
594,CN1C(=O)C[C@@](C)(c2cc(C3CCCCC3)cs2)N/C1=N/C(=O)OC(C)(C)C
595,CC(C)[C@@H]1CC[C@@H](C)C[C@H]1OCc1csc([C@]2(C)CC(=O)N(C)/C(=N\C(=O)OC(C)(C)C)N2)c1
596,CC(Oc1ccccc1)c1csc([C@]2(C)CC(=O)N(C)/C(=N\C(=O)OC(C)(C)C)N2)c1
597,CCC(Oc1ccccc1)c1csc([C@]2(C)CC(=O)N(C)/C(=N\C(=O)OC(C)(C)C)N2)c1
598,CN1C(=O)C[C@@](C)(c2cc(CCc3ccc(O)cc3)cs2)N/C1=N/C(=O)OC(C)(C)C
599,C[C@H](CCc1csc([C@]2(C)CC(=O)N(C)/C(=N\C(=O)OC(C)(C)C)N2)c1)[C@H]1CC[C@H]2[C@@H]3[C@H](O)C[C@@H]4C[C@H](O)CC[C@]4(C)[C@H]3C[C@H](O)[C@]12C
600,CN1C(=O)C[C@@](C)(c2cc(C3CCCCCC3)cs2)N/C1=N/C(=O)OC(C)(C)C
601,CN1C(=O)C[C@@](C)(c2cc(COc3ccccc3Cl)cs2)N/C1=N/C(=O)OC(C)(C)C
602,CN1C(=O)C[C@@](C)(c2cc(COc3ccc(Cl)cc3)cs2)N/C1=N/C(=O)OC(C)(C)C
603,COCc1csc([C@]2(C)CC(=O)N(C)/C(=N\C(=O)OC(C)(C)C)N2)c1
604,CN1C(=O)C[C@@](C)(c2cc(Cc3ccccc3O)cs2)N/C1=N/C(=O)OC(C)(C)C
605,CN1C(=O)C[C@@](C)(c2cc(Cc3ccc(F)cc3)cs2)N/C1=N/C(=O)OC(C)(C)C
606,CN1C(=O)C[C@@](C)(c2cc(Cc3ccc(Cl)cc3)cs2)N/C1=N/C(=O)OC(C)(C)C
607,COc1ccc(Cc2csc([C@]3(C)CC(=O)N(C)/C(=N\C(=O)OC(C)(C)C)N3)c2)cc1
608,CN1C(=O)C[C@@](C)(c2cc(Cc3ccc(O)cc3)cs2)N/C1=N/C(=O)OC(C)(C)C
609,CN1C(=O)C[C@@](C)(c2cc(Cc3ccc(C(F)(F)F)cc3)cs2)N/C1=N/C(=O)OC(C)(C)C
610,CCCCc1csc([C@]2(C)CC(=O)N(C)/C(=N\C(=O)OC(C)(C)C)N2)c1
611,CC(=O)NCCCCCc1csc([C@]2(C)CC(=O)N(C)/C(=N\C(=O)OC(C)(C)C)N2)c1
612,CN1C(=O)C[C@@](C)(c2cc(CCCc3cccs3)cs2)N/C1=N/C(=O)OC(C)(C)C
613,CN1C(=O)C[C@@](C)(c2cc(CN3C(=O)c4ccccc4C3=O)cs2)N/C1=N/C(=O)OC(C)(C)C
614,CSCCC(NC(C)=O)c1csc([C@]2(C)CC(=O)N(C)/C(=N\C(=O)OC(C)(C)C)N2)c1
615,CN1C(=O)C[C@@](C)(c2cc(C3C(C)(C)C3(C)C)cs2)N/C1=N/C(=O)OC(C)(C)C
616,CN1C(=O)C[C@@](C)(c2cc(C3CC[C@@H]4CCC[C@H]34)cs2)N/C1=N/C(=O)OC(C)(C)C
617,CN1CC(c2csc([C@]3(C)CC(=O)N(C)/C(=N\C(=O)OC(C)(C)C)N3)c2)CC1=O
618,COc1ccccc1OCc1csc([C@]2(C)CC(=O)N(C)/C(=N\C(=O)OC(C)(C)C)N2)c1
619,Cc1ccccc1OCc1csc([C@]2(C)CC(=O)N(C)/C(=N\C(=O)OC(C)(C)C)N2)c1
620,Cc1ccc(OCc2csc([C@]3(C)CC(=O)N(C)/C(=N\C(=O)OC(C)(C)C)N3)c2)c(C)c1
621,Cc1ccc(C)c(OCc2csc([C@]3(C)CC(=O)N(C)/C(=N\C(=O)OC(C)(C)C)N3)c2)c1
622,COc1cccc(OCc2csc([C@]3(C)CC(=O)N(C)/C(=N\C(=O)OC(C)(C)C)N3)c2)c1
623,COc1ccc(OCc2csc([C@]3(C)CC(=O)N(C)/C(=N\C(=O)OC(C)(C)C)N3)c2)cc1
624,CN1C(=O)C[C@@](C)(c2cc(COc3ccc(OCc4ccccc4)cc3)cs2)N/C1=N/C(=O)OC(C)(C)C
625,CN1C(=O)C[C@@](C)(c2cc(COc3ccc(O)cc3)cs2)N/C1=N/C(=O)OC(C)(C)C
626,CCc1ccc(OCc2csc([C@]3(C)CC(=O)N(C)/C(=N\C(=O)OC(C)(C)C)N3)c2)cc1
627,CCCCCCCCC#CCCCCCCCc1csc([C@]2(C)CC(=O)N(C)/C(=N\C(=O)OC(C)(C)C)N2)c1
628,CN1C(=O)C[C@@](C)(c2cc(COc3cccc(Cl)c3)cs2)N/C1=N/C(=O)OC(C)(C)C
629,CN1C(=O)C[C@@](C)(c2cc(COc3cccc(C=O)c3)cs2)N/C1=N/C(=O)OC(C)(C)C
630,CN1C(=O)C[C@@](C)(c2cc(C(Cc3ccccc3)NC(=O)OCc3ccccc3)cs2)N/C1=N/C(=O)OC(C)(C)C
631,CC(Cc1csc([C@]2(C)CC(=O)N(C)/C(=N\C(=O)OC(C)(C)C)N2)c1)c1ccc(Cl)cc1
632,CN1C(=O)C[C@@](C)(c2cc(CNC(=O)Cc3ccccc3)cs2)N/C1=N/C(=O)OC(C)(C)C
633,CN1C(=O)C[C@@](C)(c2cc(COc3ccc(C(C)(C)C)cc3)cs2)N/C1=N/C(=O)OC(C)(C)C
634,CN1C(=O)C[C@@](C)(c2cc(C3CCCO3)cs2)N/C1=N/C(=O)OC(C)(C)C
635,CN1C(=O)C[C@@](C)(c2cc(CSc3nc4ccccc4[nH]3)cs2)N/C1=N/C(=O)OC(C)(C)C
636,CN1C(=O)C[C@@](C)(c2cc(CCCSc3nc4ccccc4s3)cs2)N/C1=N/C(=O)OC(C)(C)C
637,CN1C(=O)C[C@@](C)(c2cc(CCN3C(=O)c4ccccc4C3=O)cs2)N/C1=N/C(=O)OC(C)(C)C
638,CN1C(=O)C[C@@](C)(c2cc(C3CCOCC3)cs2)N/C1=N/C(=O)OC(C)(C)C
639,CN1C(=O)C[C@@](C)(c2cc(CN(C)S(=O)(=O)c3ccccc3)cs2)N/C1=N/C(=O)OC(C)(C)C
640,Cc1ccc(SCc2csc([C@]3(C)CC(=O)N(C)/C(=N\C(=O)OC(C)(C)C)N3)c2)cc1
641,CN1C(=O)C[C@@](C)(c2cc(C(Cc3ccc(O)cc3)NC(=O)OCc3ccccc3)cs2)N/C1=N/C(=O)OC(C)(C)C
642,CN1C(=O)C[C@@](C)(c2cc(CCNC(=O)c3ccccc3)cs2)N/C1=N/C(=O)OC(C)(C)C
643,C[C@H](NC(=O)OCc1ccccc1)C(=O)N1CCCC1c1csc([C@]2(C)CC(=O)N(C)/C(=N\C(=O)OC(C)(C)C)N2)c1
644,CC(=O)N1C[C@H](O)CC1c1csc([C@]2(C)CC(=O)N(C)/C(=N\C(=O)OC(C)(C)C)N2)c1
645,CN1C(=O)C[C@@](C)(c2cc(C3CCCN3C(=O)CNC(=O)OCc3ccccc3)cs2)N/C1=N/C(=O)OC(C)(C)C
646,CN1C(=O)C[C@@](C)(c2cc(C3N(C(=O)OC(C)(C)C)CSC3(C)C)cs2)N/C1=N/C(=O)OC(C)(C)C
647,C[C@H](O)C(NC(=O)OC(C)(C)C)c1csc([C@]2(C)CC(=O)N(C)/C(=N\C(=O)OC(C)(C)C)N2)c1
648,CN1C(=O)C[C@@](C)(c2cc(C(Cc3cn(C=O)c4ccccc34)NC(=O)OC(C)(C)C)cs2)N/C1=N/C(=O)OC(C)(C)C
649,CN1C(=O)C[C@@](C)(c2cc(C(CC(N)=O)NC(=O)OC(C)(C)C)cs2)N/C1=N/C(=O)OC(C)(C)C
650,CC(=O)NC(Cc1ccc(OC(C)=O)cc1)c1csc([C@]2(C)CC(=O)N(C)/C(=N\C(=O)OC(C)(C)C)N2)c1
651,CC(C)C(NC(=O)OC(C)(C)C)c1csc([C@]2(C)CC(=O)N(C)/C(=N\C(=O)OC(C)(C)C)N2)c1
652,CC(C)CC(c1csc([C@]2(C)CC(=O)N(C)/C(=N\C(=O)OC(C)(C)C)N2)c1)N(C)C(=O)OC(C)(C)C
653,CN1C(=O)C[C@@](C)(c2cc(C(Cc3ccccc3)N(C)C(=O)OC(C)(C)C)cs2)N/C1=N/C(=O)OC(C)(C)C
654,CC(C)c1ccc(Cc2csc([C@]3(C)CC(=O)N(C)/C(=N\C(=O)OC(C)(C)C)N3)c2)cc1
655,CN1C(=O)C[C@@](C)(c2cc(C3CCC(C(C)(C)C)CC3)cs2)N/C1=N/C(=O)OC(C)(C)C
656,CC(C)CCCCCCc1csc([C@]2(C)CC(=O)N(C)/C(=N\C(=O)OC(C)(C)C)N2)c1
657,CN1C(=O)C[C@@](C)(c2cc(C3CCc4ccccc4O3)cs2)N/C1=N/C(=O)OC(C)(C)C
658,COc1cccc(OCCc2csc([C@]3(C)CC(=O)N(C)/C(=N\C(=O)OC(C)(C)C)N3)c2)c1
659,CN1C(=O)C[C@@](C)(c2cc(CNC(=O)CNC(=O)c3ccccc3)cs2)N/C1=N/C(=O)OC(C)(C)C
660,CN1C(=O)C[C@@](C)(c2cc(Cn3ccc4ccccc43)cs2)N/C1=N/C(=O)OC(C)(C)C
661,CN1C(=O)C[C@@](C)(c2cc(COc3ccc(OC(F)(F)F)cc3)cs2)N/C1=N/C(=O)OC(C)(C)C
662,CN1C(=O)C[C@@](C)(c2cc(CNC(=O)[C@H](CCC(N)=O)NC(=O)OCc3ccccc3)cs2)N/C1=N/C(=O)OC(C)(C)C
663,CN1C(=O)C[C@@](C)(c2cc(CCC(=O)c3ccc(-c4ccccc4)cc3)cs2)N/C1=N/C(=O)OC(C)(C)C
664,COc1ccc2c(c1)c(Cc1csc([C@]3(C)CC(=O)N(C)/C(=N\C(=O)OC(C)(C)C)N3)c1)c(C)n2C(=O)c1ccc(Cl)cc1
665,COc1cc(OCc2csc([C@]3(C)CC(=O)N(C)/C(=N\C(=O)OC(C)(C)C)N3)c2)ccc1C=O
666,CN1C(=O)C[C@@](C)(c2cc(C(Cc3cccs3)NC(=O)OC(C)(C)C)cs2)N/C1=N/C(=O)OC(C)(C)C
667,CC(NC(=O)OC(C)(C)C)c1csc([C@]2(C)CC(=O)N(C)/C(=N\C(=O)OC(C)(C)C)N2)c1
668,CC(NC(=O)c1ccccc1)c1csc([C@]2(C)CC(=O)N(C)/C(=N\C(=O)OC(C)(C)C)N2)c1
669,CN1C(=O)C[C@@](C)(c2cc(C(CO)NC(=O)OC(C)(C)C)cs2)N/C1=N/C(=O)OC(C)(C)C
670,CN1C(=O)C[C@@](C)(c2cc(C(CO)NC(=O)OCc3ccccc3)cs2)N/C1=N/C(=O)OC(C)(C)C
671,CC(=O)N1CCCC1c1csc([C@]2(C)CC(=O)N(C)/C(=N\C(=O)OC(C)(C)C)N2)c1
672,CN1C(=O)C[C@@](C)(c2cc(CCCCCCNC(=O)OC(C)(C)C)cs2)N/C1=N/C(=O)OC(C)(C)C
673,CCCCCCCC/C=C\CCCCCCCc1csc([C@]2(C)CC(=O)N(C)/C(=N\C(=O)OC(C)(C)C)N2)c1
674,CN1C(=O)C[C@@](C)(c2cc(C(CCC(N)=O)NC(=O)OC(C)(C)C)cs2)N/C1=N/C(=O)OC(C)(C)C
675,CN1C(=O)C[C@@](C)(c2cc(C(Cc3ccc(OC(C)(C)C)cc3)NC(=O)OC(C)(C)C)cs2)N/C1=N/C(=O)OC(C)(C)C
676,CN1C(=O)C[C@@](C)(c2cc(C(Cc3c[nH]c4ccccc34)NC(=O)OCc3ccccc3)cs2)N/C1=N/C(=O)OC(C)(C)C
677,CN1C(=O)C[C@@](C)(c2cc(C(Cc3cn(Cc4ccccc4)cn3)NC(=O)OC(C)(C)C)cs2)N/C1=N/C(=O)OC(C)(C)C
678,CN1C(=O)C[C@@](C)(c2cc(Cc3cccnc3)cs2)N/C1=N/C(=O)OC(C)(C)C
679,C[C@H](CCc1csc([C@]2(C)CC(=O)N(C)/C(=N\C(=O)OC(C)(C)C)N2)c1)[C@H]1CC[C@H]2[C@@H]3C(=O)C[C@@H]4CC(=O)CC[C@]4(C)[C@H]3CC(=O)[C@]12C
680,CN1C(=O)C[C@@](C)(c2cc(CSCCS(=O)(=O)c3ccccc3)cs2)N/C1=N/C(=O)OC(C)(C)C
681,CN1C(=O)C[C@@](C)(c2cc(C[C@]34C[C@H]5C[C@H](C[C@H](C5)C3)C4)cs2)N/C1=N/C(=O)OC(C)(C)C
682,CC1CCCC(c2csc([C@]3(C)CC(=O)N(C)/C(=N\C(=O)OC(C)(C)C)N3)c2)C1
683,COC1CCCC(c2csc([C@]3(C)CC(=O)N(C)/C(=N\C(=O)OC(C)(C)C)N3)c2)C1
684,CN1C(=O)C[C@@](C)(c2cc(C3CCOC3)cs2)N/C1=N/C(=O)OC(C)(C)C
685,CN1C(=O)C[C@@](C)(c2cc(CCCCCCCCCCNC(=O)OC(C)(C)C)cs2)N/C1=N/C(=O)OC(C)(C)C
686,COC(=O)[C@H](CCc1csc([C@]2(C)CC(=O)N(C)/C(=N\C(=O)OC(C)(C)C)N2)c1)NC(=O)OC(C)(C)C
687,CC(C)[C@H](NC(=O)OC(C)(C)C)C(=O)N1CCCC1c1csc([C@]2(C)CC(=O)N(C)/C(=N\C(=O)OC(C)(C)C)N2)c1
688,CN1C(=O)C[C@@](C)(c2cc(C3CCN(C(=O)OC(C)(C)C)CC3)cs2)N/C1=N/C(=O)OC(C)(C)C
689,CCC(NC(=O)OCc1ccccc1)c1csc([C@]2(C)CC(=O)N(C)/C(=N\C(=O)OC(C)(C)C)N2)c1
690,Cc1ccc(S(=O)(=O)NC(=N)NCCCC(NC(=O)OCc2ccccc2)c2csc([C@]3(C)CC(=O)N(C)/C(=N\C(=O)OC(C)(C)C)N3)c2)cc1
691,CN1C(=O)C[C@@](C)(c2cc(C(Cc3cccnc3)NC(=O)OC(C)(C)C)cs2)N/C1=N/C(=O)OC(C)(C)C
692,COC(=O)[C@H](Cc1csc([C@]2(C)CC(=O)N(C)/C(=N\C(=O)OC(C)(C)C)N2)c1)NC(C)=O
693,CC(=O)N[C@@H]1[C@@H](OC(C)c2csc([C@]3(C)CC(=O)N(C)/C(=N\C(=O)OC(C)(C)C)N3)c2)[C@H](O)[C@@H](CO)O[C@@H]1O
694,CN1C(=O)C[C@@](C)(c2cc(C3CC(=O)N(Cc4cccs4)C3)cs2)N/C1=N/C(=O)OC(C)(C)C
695,CN1C(=O)C[C@@](C)(c2cc(C3CC(=O)C3)cs2)N/C1=N/C(=O)OC(C)(C)C
696,CN1C(=O)C[C@@](C)(c2cc(C3CCC(=O)CC3)cs2)N/C1=N/C(=O)OC(C)(C)C
697,COC(C)c1csc([C@]2(C)CC(=O)N(C)/C(=N\C(=O)OC(C)(C)C)N2)c1
698,COC(=O)CC(NC(=O)OCc1ccccc1)c1csc([C@]2(C)CC(=O)N(C)/C(=N\C(=O)OC(C)(C)C)N2)c1
699,C[C@H](O)Cc1csc([C@]2(C)CC(=O)N(C)/C(=N\C(=O)OC(C)(C)C)N2)c1
700,CN1C(=O)C[C@@](C)(c2cc(COc3ccccc3-c3ccccc3)cs2)N/C1=N/C(=O)OC(C)(C)C
701,CN1C(=O)C[C@@](C)(c2cc(C3C[C@@H](OC(C)(C)C)CN3C(=O)OCc3ccccc3)cs2)N/C1=N/C(=O)OC(C)(C)C
702,CSCC[C@H](NC(=O)OC(C)(C)C)C(=O)NCc1csc([C@]2(C)CC(=O)N(C)/C(=N\C(=O)OC(C)(C)C)N2)c1
703,CSCCC(NC(=O)OC(C)(C)C)c1csc([C@]2(C)CC(=O)N(C)/C(=N\C(=O)OC(C)(C)C)N2)c1
704,CC(c1csc([C@]2(C)CC(=O)N(C)/C(=N\C(=O)OC(C)(C)C)N2)c1)N1C(=O)c2ccccc2C1=O
705,CN1C(=O)C[C@@](C)(c2cc(C3CCN(c4ccc(C(F)(F)F)cn4)CC3)cs2)N/C1=N/C(=O)OC(C)(C)C
706,CN1C(=O)C[C@@](C)(c2cc(CSc3ccc(C(C)(C)C)cc3)cs2)N/C1=N/C(=O)OC(C)(C)C
707,CN1C(=O)C[C@@](C)(c2cc(Cn3nc(-c4ccccc4)c4ccccc4c3=O)cs2)N/C1=N/C(=O)OC(C)(C)C
708,CC(=O)NCCCCC(NC(C)=O)c1csc([C@]2(C)CC(=O)N(C)/C(=N\C(=O)OC(C)(C)C)N2)c1
709,CN1C(=O)C[C@@](C)(c2cc(C3CCCCN3C(=O)OC(C)(C)C)cs2)N/C1=N/C(=O)OC(C)(C)C
710,CC(C)C(NC(=O)[C@@H](NC(=O)OC(C)(C)C)C(C)C)c1csc([C@]2(C)CC(=O)N(C)/C(=N\C(=O)OC(C)(C)C)N2)c1
711,CN1C(=O)C[C@@](C)(c2cc(C3COc4ccccc4O3)cs2)N/C1=N/C(=O)OC(C)(C)C
712,CCOC(=O)NC(Cc1ccccc1)c1csc([C@]2(C)CC(=O)N(C)/C(=N\C(=O)OC(C)(C)C)N2)c1
713,CN1C(=O)C[C@@](C)(c2cc(CCc3cccnc3)cs2)N/C1=N/C(=O)OC(C)(C)C
714,Cc1cn(Cc2csc([C@]3(C)CC(=O)N(C)/C(=N\C(=O)OC(C)(C)C)N3)c2)c(=O)[nH]c1=O
715,CC(C)Oc1ccccc1-c1nnc(SCc2csc([C@]3(C)CC(=O)N(C)/C(=N\C(=O)OC(C)(C)C)N3)c2)[nH]1
716,CCCOc1ccc(Cc2csc([C@]3(C)CC(=O)N(C)/C(=N\C(=O)OC(C)(C)C)N3)c2)cc1
717,CN1C(=O)C[C@@](C)(c2cc(C3CCCN3C(=O)OC(C)(C)C)cs2)N/C1=N/C(=O)OC(C)(C)C
718,CN(Cc1csc([C@]2(C)CC(=O)N(C)/C(=N\C(=O)OC(C)(C)C)N2)c1)C(=O)c1ccco1
719,COc1ccc2c(c1)OCC(c1csc([C@]3(C)CC(=O)N(C)/C(=N\C(=O)OC(C)(C)C)N3)c1)C2
720,CCCCCCC(CCCC)c1csc([C@]2(C)CC(=O)N(C)/C(=N\C(=O)OC(C)(C)C)N2)c1
721,CN1C(=O)C[C@@](C)(c2cc(C3CC(=O)N(C4CCCCC4)C3)cs2)N/C1=N/C(=O)OC(C)(C)C
722,CN1C(=O)C[C@@](C)(c2cc(Cn3ccc(-c4cccs4)n3)cs2)N/C1=N/C(=O)OC(C)(C)C
723,CN1C(=O)C[C@@](C)(c2cc(C3CCC(=O)c4ccccc4C3)cs2)N/C1=N/C(=O)OC(C)(C)C
724,C#CCCCCCCc1csc([C@]2(C)CC(=O)N(C)/C(=N\C(=O)OC(C)(C)C)N2)c1
725,CN1C(=O)C[C@@](C)(c2cc(C(Cc3cccc(Cl)c3)NC(=O)OC(C)(C)C)cs2)N/C1=N/C(=O)OC(C)(C)C
726,CN1C(=O)C[C@@](C)(c2cc(C(Cc3ccncc3)NC(=O)OC(C)(C)C)cs2)N/C1=N/C(=O)OC(C)(C)C
727,CN1C(=O)C[C@@](C)(c2cc(CN3CCCC[C@H](NC(=O)OC(C)(C)C)C3=O)cs2)N/C1=N/C(=O)OC(C)(C)C
728,CN1C(=O)C[C@@](C)(c2cc(CCc3cc(C(F)(F)F)cc(C(F)(F)F)c3)cs2)N/C1=N/C(=O)OC(C)(C)C
729,CC(=O)OC(C)c1csc([C@]2(C)CC(=O)N(C)/C(=N\C(=O)OC(C)(C)C)N2)c1
730,CN1C(=O)C[C@@](C)(c2cc(C3CCOC(C)(C)C3)cs2)N/C1=N/C(=O)OC(C)(C)C
731,CN1C(=O)C[C@@](C)(c2cc(CCCC(=O)N3CCC(=O)CC3)cs2)N/C1=N/C(=O)OC(C)(C)C
732,CCCC(C)(F)c1csc([C@]2(C)CC(=O)N(C)/C(=N\C(=O)OC(C)(C)C)N2)c1
733,CN1C(=O)C[C@@](C)(c2cc(CC3CCN(C(=O)OC(C)(C)C)CC3)cs2)N/C1=N/C(=O)OC(C)(C)C
734,CN1C(=O)C[C@@](C)(c2cc(C3CCCC[C@@H]3C(=O)c3ccccc3)cs2)N/C1=N/C(=O)OC(C)(C)C
735,CN1C(=O)C[C@@](C)(c2cc(C3C[C@@H](c4ccccc4)CC[C@H]3C(=O)c3ccccc3)cs2)N/C1=N/C(=O)OC(C)(C)C
736,CN1C(=O)C[C@@](C)(c2cc(C3CCC[C@@H]3NC(=O)OC(C)(C)C)cs2)N/C1=N/C(=O)OC(C)(C)C
737,CN1C(=O)C[C@@](C)(c2cc(C3CCC4CCCCC4C3)cs2)N/C1=N/C(=O)OC(C)(C)C
738,CN1C(=O)C[C@@](C)(c2cc(CC3CCCCCC3)cs2)N/C1=N/C(=O)OC(C)(C)C
739,COC(=O)[C@H]1CCC(c2csc([C@]3(C)CC(=O)N(C)/C(=N\C(=O)OC(C)(C)C)N3)c2)C1
740,CN1C(=O)C[C@@](C)(c2cc(C3CC[C@H](C(=O)c4ccccc4)C3)cs2)N/C1=N/C(=O)OC(C)(C)C
741,CN1C(=O)C[C@@](C)(c2cc(C3CCC[C@@H]3C(=O)c3ccccc3)cs2)N/C1=N/C(=O)OC(C)(C)C
742,COC(=O)C1CCC(c2csc([C@]3(C)CC(=O)N(C)/C(=N\C(=O)OC(C)(C)C)N3)c2)CC1
743,CN1C(=O)C[C@@](C)(c2cc(C3CCC[C@@H](C(=O)c4ccccc4)C3)cs2)N/C1=N/C(=O)OC(C)(C)C
744,CN1C(=O)C[C@@](C)(c2cc(C3CCCC[C@@H]3CC(=O)c3ccccc3)cs2)N/C1=N/C(=O)OC(C)(C)C
745,CN1C(=O)C[C@@](C)(c2cc(CCCCC(=O)c3ccc(Cl)cc3)cs2)N/C1=N/C(=O)OC(C)(C)C
746,CN1C(=O)C[C@@](C)(c2cc(CCCC(=O)C3CC3)cs2)N/C1=N/C(=O)OC(C)(C)C
747,CN1C(=O)C[C@@](C)(c2cc(CCC(=O)C(C)(C)C)cs2)N/C1=N/C(=O)OC(C)(C)C
748,CN1C(=O)C[C@@](C)(c2cc(C3CC[C@@H](c4ccccc4)N3C(=O)OC(C)(C)C)cs2)N/C1=N/C(=O)OC(C)(C)C
749,CN1C(=O)C[C@@](C)(c2cc(C3C[C@@H](c4ccccc4)CN3C(=O)OC(C)(C)C)cs2)N/C1=N/C(=O)OC(C)(C)C
750,CN1C(=O)C[C@@](C)(c2cc(C3CCN3C(=O)OC(C)(C)C)cs2)N/C1=N/C(=O)OC(C)(C)C
751,CN1C(=O)C[C@@](C)(c2cc(Cn3c(=O)oc4ccccc43)cs2)N/C1=N/C(=O)OC(C)(C)C
752,COc1cccc(N2CC(c3csc([C@]4(C)CC(=O)N(C)/C(=N\C(=O)OC(C)(C)C)N4)c3)CC2=O)c1
753,CN1C(=O)C[C@@](C)(c2cc(Cc3cc(Cl)ccc3F)cs2)N/C1=N/C(=O)OC(C)(C)C
754,CN1C(=O)C[C@@](C)(c2cc(C3CC(c4ccccc4)C3)cs2)N/C1=N/C(=O)OC(C)(C)C
755,CC(C)C1CCC(c2csc([C@]3(C)CC(=O)N(C)/C(=N\C(=O)OC(C)(C)C)N3)c2)CC1
756,CN1C(=O)C[C@@](C)(c2cc(CCc3nc4ccccc4s3)cs2)N/C1=N/C(=O)OC(C)(C)C
757,CN1C(=O)C[C@@](C)(c2cc(C3CN(C(=O)OC(C)(C)C)C3)cs2)N/C1=N/C(=O)OC(C)(C)C
758,CN1C(=O)C[C@@](C)(c2cc(C[C@@H](Cc3cccc(F)c3)NC(=O)OC(C)(C)C)cs2)N/C1=N/C(=O)OC(C)(C)C
759,C=CC[C@H](Cc1csc([C@]2(C)CC(=O)N(C)/C(=N\C(=O)OC(C)(C)C)N2)c1)NC(=O)OC(C)(C)C
760,CN1C(=O)C[C@@](C)(c2cc(C3CCC(NC(=O)OC(C)(C)C)CC3)cs2)N/C1=N/C(=O)OC(C)(C)C
761,CN1C(=O)C[C@@](C)(c2cc(C3CCC[C@H](NC(=O)OC(C)(C)C)C3)cs2)N/C1=N/C(=O)OC(C)(C)C
762,CN1C(=O)C[C@@](C)(c2cc(C3CCCC[C@@H]3NC(=O)OC(C)(C)C)cs2)N/C1=N/C(=O)OC(C)(C)C
763,CC(CC(=O)c1ccccc1)Cc1csc([C@]2(C)CC(=O)N(C)/C(=N\C(=O)OC(C)(C)C)N2)c1
764,CN1C(=O)C[C@@](C)(c2cc(Cn3cc(C(F)(F)F)ccc3=O)cs2)N/C1=N/C(=O)OC(C)(C)C
765,COc1ccc(C(Cc2csc([C@]3(C)CC(=O)N(C)/C(=N\C(=O)OC(C)(C)C)N3)c2)NC(=O)OC(C)(C)C)cc1
766,CN1C(=O)C[C@@](C)(c2cc(CC(NC(=O)OC(C)(C)C)c3cccc(Cl)c3)cs2)N/C1=N/C(=O)OC(C)(C)C
767,CN1C(=O)C[C@@](C)(c2cc(C3CCC(O)CC3)cs2)N/C1=N/C(=O)OC(C)(C)C
768,CC(OCc1ccccc1)c1csc([C@]2(C)CC(=O)N(C)/C(=N\C(=O)OC(C)(C)C)N2)c1
769,CC(C)Oc1ccc(N2CC(c3csc([C@]4(C)CC(=O)N(C)/C(=N\C(=O)OC(C)(C)C)N4)c3)CC2=O)cc1
770,CN1C(=O)C[C@@](C)(c2cc(CC3CCCN(C(=O)OC(C)(C)C)C3)cs2)N/C1=N/C(=O)OC(C)(C)C
771,CN1C(=O)C[C@@](C)(c2cc(CCC3CCCN(C(=O)OC(C)(C)C)C3)cs2)N/C1=N/C(=O)OC(C)(C)C
772,CN1C(=O)C[C@@](C)(c2cc(CC3CN(C(=O)OC(C)(C)C)C3)cs2)N/C1=N/C(=O)OC(C)(C)C
773,CN1C(=O)C[C@@](C)(c2cc(C3CCN(C(=O)OCc4ccccc4)C3)cs2)N/C1=N/C(=O)OC(C)(C)C
774,CN1C(=O)C[C@@](C)(c2cc(C3CN(C(=O)OC(C)(C)C)CCN3C(=O)OC(C)(C)C)cs2)N/C1=N/C(=O)OC(C)(C)C
775,CN1C(=O)C[C@@](C)(c2cc(C3CN(C(=O)OC(C)(C)C)CCC3c3ccccc3)cs2)N/C1=N/C(=O)OC(C)(C)C
776,CN1C(=O)C[C@@](C)(c2cc(C3CC(c4ccccc4)CN(C(=O)OC(C)(C)C)C3)cs2)N/C1=N/C(=O)OC(C)(C)C
777,CN1C(=O)C[C@@](C)(c2cc(C3CCCN(C(=O)OC(C)(C)C)C3)cs2)N/C1=N/C(=O)OC(C)(C)C
778,CN1C(=O)C[C@@](C)(c2cc(Cn3cc(Cl)c(=O)c(Cl)c3)cs2)N/C1=N/C(=O)OC(C)(C)C
779,COc1cc2c(cc1OC)C(Cc1csc([C@]3(C)CC(=O)N(C)/C(=N\C(=O)OC(C)(C)C)N3)c1)N(C(=O)OC(C)(C)C)CC2
780,CN1C(=O)C[C@@](C)(c2cc(C3CC[C@H](NC(=O)OC(C)(C)C)C3)cs2)N/C1=N/C(=O)OC(C)(C)C
781,CN1C(=O)C[C@@](C)(c2cc(Cn3cnc4sc5c(c4c3=O)CCCC5)cs2)N/C1=N/C(=O)OC(C)(C)C
782,Cc1cc(C)n(C(C)Cc2csc([C@]3(C)CC(=O)N(C)/C(=N\C(=O)OC(C)(C)C)N3)c2)n1
783,Cc1nc(Cc2csc([C@]3(C)CC(=O)N(C)/C(=N\C(=O)OC(C)(C)C)N3)c2)c(C)s1
784,CN1C(=O)C[C@@](C)(c2cc(C3[C@@H]4CC[C@@H](C4)[C@H]3NC(=O)OC(C)(C)C)cs2)N/C1=N/C(=O)OC(C)(C)C
785,CN1C(=O)C[C@@](C)(c2cc(C3CSCCN3C(=O)OC(C)(C)C)cs2)N/C1=N/C(=O)OC(C)(C)C
786,CN1C(=O)C[C@@](C)(c2cc(CN3CC[C@H](NC(=O)OC(C)(C)C)C3=O)cs2)N/C1=N/C(=O)OC(C)(C)C
787,CN1C(=O)C[C@@](C)(c2cc(C3CCCCC3O)cs2)N/C1=N/C(=O)OC(C)(C)C
788,CN1C(=O)C[C@@](C)(c2cc(C(CNC(=O)OC(C)(C)C)Cc3ccccc3)cs2)N/C1=N/C(=O)OC(C)(C)C
789,CN1C(=O)C[C@@](C)(c2cc(C3Cc4ccccc4O3)cs2)N/C1=N/C(=O)OC(C)(C)C
790,CN1C(=O)C[C@@](C)(c2cc(C[C@H]3CCCN(C(=O)OC(C)(C)C)C3)cs2)N/C1=N/C(=O)OC(C)(C)C
791,CN1C(=O)C[C@@](C)(c2cc(C3CCN(C(=O)OC(C)(C)C)C3)cs2)N/C1=N/C(=O)OC(C)(C)C
792,CN1C(=O)C[C@@](C)(c2cc(C3CC(=O)CCN3C(=O)OC(C)(C)C)cs2)N/C1=N/C(=O)OC(C)(C)C
793,CN1C(=O)C[C@@](C)(c2cc(C3CC(F)(F)CN3C(=O)OC(C)(C)C)cs2)N/C1=N/C(=O)OC(C)(C)C
794,CN1C(=O)C[C@@](C)(c2cc(CSc3cn(C)c4ccccc34)cs2)N/C1=N/C(=O)OC(C)(C)C
795,Cc1ccnn1Cc1csc([C@]2(C)CC(=O)N(C)/C(=N\C(=O)OC(C)(C)C)N2)c1
796,CN1C(=O)C[C@@](C)(c2cc(CC(NC(=O)OCc3ccccc3)C3CCN(C(=O)OC(C)(C)C)CC3)cs2)N/C1=N/C(=O)OC(C)(C)C
797,CN1C(=O)C[C@@](C)(c2cc(C3CN(C(=O)OC(C)(C)C)CCS3)cs2)N/C1=N/C(=O)OC(C)(C)C
798,CN1C(=O)C[C@@](C)(c2cc(COC(C)(C)C)cs2)N/C1=N/C(=O)OC(C)(C)C
799,CN1C(=O)C[C@@](C)(c2cc(C3CCC(F)(F)CC3)cs2)N/C1=N/C(=O)OC(C)(C)C
800,CN1C(=O)C[C@@](C)(c2cc(CCCC(=O)c3ccccc3Cl)cs2)N/C1=N/C(=O)OC(C)(C)C
801,CC(Oc1ccc(C=O)cc1)c1csc([C@]2(C)CC(=O)N(C)/C(=N\C(=O)OC(C)(C)C)N2)c1
802,COC(=O)CCC(NC(=O)OC(C)(C)C)c1csc([C@]2(C)CC(=O)N(C)/C(=N\C(=O)OC(C)(C)C)N2)c1
803,CN1C(=O)C[C@@](C)(c2cc(CC3CN(C(=O)OC(C)(C)C)CCO3)cs2)N/C1=N/C(=O)OC(C)(C)C
804,CN1C(=O)C[C@@](C)(c2cc(C3COCCN3C(=O)OC(C)(C)C)cs2)N/C1=N/C(=O)OC(C)(C)C
805,CN1C(=O)C[C@@](C)(c2cc(CCCC3CCN(C(=O)OC(C)(C)C)CC3)cs2)N/C1=N/C(=O)OC(C)(C)C
806,CCOC(=O)N1CSCC1c1csc([C@]2(C)CC(=O)N(C)/C(=N\C(=O)OC(C)(C)C)N2)c1
807,CN1C(=O)C[C@@](C)(c2cc(C3C[C@@H](c4ccccc4)CC[C@@H]3NC(=O)OC(C)(C)C)cs2)N/C1=N/C(=O)OC(C)(C)C
808,Cc1nc(C)n(Cc2csc([C@]3(C)CC(=O)N(C)/C(=N\C(=O)OC(C)(C)C)N3)c2)n1
809,CC(=O)c1c(C)nn(CCc2csc([C@]3(C)CC(=O)N(C)/C(=N\C(=O)OC(C)(C)C)N3)c2)c1C
810,Cc1cccc(C)c1Cc1csc([C@]2(C)CC(=O)N(C)/C(=N\C(=O)OC(C)(C)C)N2)c1
811,CC(F)c1csc([C@]2(C)CC(=O)N(C)/C(=N\C(=O)OC(C)(C)C)N2)c1
812,CN1C(=O)C[C@@](C)(c2cc(C3COCCO3)cs2)N/C1=N/C(=O)OC(C)(C)C
813,CN1C(=O)C[C@@](C)(c2cc(C3CCCN(c4ncnc5sccc45)C3)cs2)N/C1=N/C(=O)OC(C)(C)C
814,CN1C(=O)C[C@@](C)(c2cc(CC(NC(=O)OC(C)(C)C)C3CCC3)cs2)N/C1=N/C(=O)OC(C)(C)C
815,CN1C(=O)C[C@@](C)(c2cc(C3CC(NC(=O)OCc4ccccc4)C3)cs2)N/C1=N/C(=O)OC(C)(C)C
816,CN1C(=O)C[C@@](C)(c2cc(C3CCCN(C(=O)OC(C)(C)C)C3c3ccccc3)cs2)N/C1=N/C(=O)OC(C)(C)C
817,CN1C(=O)C[C@@](C)(c2cc(C3C(c4ccccc4)CCN3C(=O)OC(C)(C)C)cs2)N/C1=N/C(=O)OC(C)(C)C
818,CN1C(=O)C[C@@](C)(c2cc(CCc3cn(C(=O)OC(C)(C)C)c4ccccc34)cs2)N/C1=N/C(=O)OC(C)(C)C
819,CN1C(=O)C[C@@](C)(c2cc(C3CN(C(=O)OC(C)(C)C)CC3Cc3ccccc3)cs2)N/C1=N/C(=O)OC(C)(C)C
820,CN1C(=O)C[C@@](C)(c2cc(C3CC(c4ccccc4)CN3C(=O)OC(C)(C)C)cs2)N/C1=N/C(=O)OC(C)(C)C
821,CN1C(=O)C[C@@](C)(c2cc(Cc3ccc(C#N)cc3)cs2)N/C1=N/C(=O)OC(C)(C)C
822,CN1C(=O)C[C@@](C)(c2cc(C3CCN(C(=O)c4ccc(B(O)O)cc4)CC3)cs2)N/C1=N/C(=O)OC(C)(C)C
823,CN1C(=O)C[C@@](C)(c2cc(C3(c4cccc(Cl)c4)CC3)cs2)N/C1=N/C(=O)OC(C)(C)C
824,CN1C(=O)C[C@@](C)(c2cc(C3CCCCO3)cs2)N/C1=N/C(=O)OC(C)(C)C
825,CN1C(=O)C[C@@](C)(c2cc(C3CN(C(=O)c4ccccc4)C3)cs2)N/C1=N/C(=O)OC(C)(C)C
826,C[C@H]1CN(C(=O)OC(C)(C)C)CCC1c1csc([C@]2(C)CC(=O)N(C)/C(=N\C(=O)OC(C)(C)C)N2)c1
827,CN1C(=O)C[C@@](C)(c2cc(CN(C)c3ncc(C=O)cn3)cs2)N/C1=N/C(=O)OC(C)(C)C
828,CC(=O)CCc1ccc(OCc2csc([C@]3(C)CC(=O)N(C)/C(=N\C(=O)OC(C)(C)C)N3)c2)cc1
829,CN1C(=O)C[C@@](C)(c2cc(CCc3cnccn3)cs2)N/C1=N/C(=O)OC(C)(C)C
830,CN1C(=O)C[C@@](C)(c2cc(CN3C(=O)COCC3=O)cs2)N/C1=N/C(=O)OC(C)(C)C
831,CN1C(=O)C[C@@](C)(c2cc(CC3(c4ccccc4)CCN(C(=O)OC(C)(C)C)C3)cs2)N/C1=N/C(=O)OC(C)(C)C
832,CN1C(=O)C[C@@](C)(c2cc(Cn3c(-c4ccccc4)nc4ccccc43)cs2)N/C1=N/C(=O)OC(C)(C)C
833,CN1C(=O)C[C@@](C)(c2cc(C3CCC3(F)F)cs2)N/C1=N/C(=O)OC(C)(C)C
834,CN1C(=O)C[C@@](C)(c2cc(C3CC(NC(=O)OC(C)(C)C)C3)cs2)N/C1=N/C(=O)OC(C)(C)C
835,CN1C(=O)C[C@@](C)(c2cc(C3CC34CCCC4)cs2)N/C1=N/C(=O)OC(C)(C)C
836,CCC1(CC)CC1c1csc([C@]2(C)CC(=O)N(C)/C(=N\C(=O)OC(C)(C)C)N2)c1
837,CN1C(=O)C[C@@](C)(c2cc(CCc3nc4ccccc4n3C(=O)OC(C)(C)C)cs2)N/C1=N/C(=O)OC(C)(C)C
838,CN1C(=O)C[C@@](C)(c2cc(C3COCC(=O)N3Cc3ccccc3)cs2)N/C1=N/C(=O)OC(C)(C)C
839,CN1C(=O)C[C@@](C)(c2cc(C3CCCN(c4ncc(-c5ccc6c(c5)OCO6)cn4)C3)cs2)N/C1=N/C(=O)OC(C)(C)C
840,CN1C(=O)C[C@@](C)(c2cc(C3CCC4(CC3)OC(=O)c3ccncc34)cs2)N/C1=N/C(=O)OC(C)(C)C
841,CN1C(=O)C[C@@](C)(c2cc(CC3CN4CCC3CC4)cs2)N/C1=N/C(=O)OC(C)(C)C
842,CN1C(=O)C[C@@](C)(c2cc(C3CCC4(CC3)OCCO4)cs2)N/C1=N/C(=O)OC(C)(C)C
843,CN1C(=O)C[C@@](C)(c2cc(CC3CCC(NC(=O)OC(C)(C)C)CC3)cs2)N/C1=N/C(=O)OC(C)(C)C
844,CN1C(=O)C[C@@](C)(c2cc(Cc3cccc(-c4ccccn4)c3)cs2)N/C1=N/C(=O)OC(C)(C)C
845,CN1C(=O)C[C@@](C)(c2cc(C3CCC(c4ccccc4)C3)cs2)N/C1=N/C(=O)OC(C)(C)C
846,CN1C(=O)C[C@@](C)(c2cc(C3(F)CCOCC3)cs2)N/C1=N/C(=O)OC(C)(C)C
847,CN1C(=O)C[C@@](C)(c2cc(CC3CCN3C(=O)OC(C)(C)C)cs2)N/C1=N/C(=O)OC(C)(C)C
848,CN1C(=O)C[C@@](C)(c2cc(C3CC4(CCN(C(=O)OC(C)(C)C)CC4)C3)cs2)N/C1=N/C(=O)OC(C)(C)C
849,CN1C(=O)C[C@@](C)(c2cc(CC3CCC4(CC3)CCN(C(=O)OC(C)(C)C)CC4)cs2)N/C1=N/C(=O)OC(C)(C)C
850,CN1C(=O)C[C@@](C)(c2cc(Cc3ccc4c(c3)CCN(C(=O)OC(C)(C)C)C4)cs2)N/C1=N/C(=O)OC(C)(C)C
851,CN1C(=O)C[C@@](C)(c2cc(CCc3ccc4c(c3)CCN(C(=O)OC(C)(C)C)C4)cs2)N/C1=N/C(=O)OC(C)(C)C
852,CN1C(=O)C[C@@](C)(c2cc(C3(c4ccc(Cl)nc4)CC3)cs2)N/C1=N/C(=O)OC(C)(C)C
853,CN1C(=O)C[C@@](C)(c2cc(C3C4COCC43)cs2)N/C1=N/C(=O)OC(C)(C)C
854,CN1C(=O)C[C@@](C)(c2cc(CC3(NC(=O)OC(C)(C)C)CCC3)cs2)N/C1=N/C(=O)OC(C)(C)C
855,CN1C(=O)C[C@@](C)(c2cc(C3CCNC(=O)C3)cs2)N/C1=N/C(=O)OC(C)(C)C
856,CN1C(=O)C[C@@](C)(c2cc(C3CCC(F)(F)C3)cs2)N/C1=N/C(=O)OC(C)(C)C
857,CN1C(=O)C[C@@](C)(c2cc(C3CCCN(C(=O)OCc4ccccc4)CC3)cs2)N/C1=N/C(=O)OC(C)(C)C
858,CN1C(=O)C[C@@](C)(c2cc(C3COC(c4ccccc4)CO3)cs2)N/C1=N/C(=O)OC(C)(C)C
859,CN1C(=O)C[C@@](C)(c2cc(C3CC(Oc4ccccc4)C3)cs2)N/C1=N/C(=O)OC(C)(C)C
860,CN1C(=O)C[C@@](C)(c2cc(C3C4CCC3CN(C(=O)OC(C)(C)C)C4)cs2)N/C1=N/C(=O)OC(C)(C)C
861,CN1C(=O)C[C@@](C)(c2cc(C3CN(C(=O)OC(C)(C)C)C[C@@H]3c3ccccc3F)cs2)N/C1=N/C(=O)OC(C)(C)C
862,CN1C(=O)C[C@@](C)(c2cc(Cc3c[nH]c4cnccc34)cs2)N/C1=N/C(=O)OC(C)(C)C
863,COc1cc(Cc2csc([C@]3(C)CC(=O)N(C)/C(=N\C(=O)OC(C)(C)C)N3)c2)cnc1OC
864,CN1C(=O)C[C@@](C)(c2cc(C3(N(C)C(=O)OC(C)(C)C)CC3)cs2)N/C1=N/C(=O)OC(C)(C)C
865,Cc1ccccc1COCc1csc([C@]2(C)CC(=O)N(C)/C(=N\C(=O)OC(C)(C)C)N2)c1
866,COC(=O)c1ccc(Cc2csc([C@]3(C)CC(=O)N(C)/C(=N\C(=O)OC(C)(C)C)N3)c2)cc1
867,CN1C(=O)C[C@@](C)(c2cc(CC3COC3)cs2)N/C1=N/C(=O)OC(C)(C)C
868,CN1C(=O)C[C@@](C)(c2cc(C3CCCC4CC(NC(=O)OC(C)(C)C)C(=O)N43)cs2)N/C1=N/C(=O)OC(C)(C)C
869,Cc1n[nH]c2c1CC(c1csc([C@]3(C)CC(=O)N(C)/C(=N\C(=O)OC(C)(C)C)N3)c1)CC2
870,CN1C(=O)C[C@@](C)(c2cc(C3CC(=O)CC3(C)C)cs2)N/C1=N/C(=O)OC(C)(C)C
871,CN1C(=O)C[C@@](C)(c2cc(C3CC4CC3C(=O)O4)cs2)N/C1=N/C(=O)OC(C)(C)C
872,CN1C(=O)C[C@@](C)(c2cc(C3CC(O)(c4ccccc4)C3)cs2)N/C1=N/C(=O)OC(C)(C)C
873,CN1C(=O)C[C@@](C)(c2cc(C3CC4CC(O)CC(C4)C3)cs2)N/C1=N/C(=O)OC(C)(C)C
874,CN1C(=O)C[C@@](C)(c2cc(C3CCCCC34CC4)cs2)N/C1=N/C(=O)OC(C)(C)C
875,COCc1n[nH]c2c1CC(c1csc([C@]3(C)CC(=O)N(C)/C(=N\C(=O)OC(C)(C)C)N3)c1)CC2
876,CN1C(=O)C[C@@](C)(c2cc(CC3CC4CCC(C3)N4C(=O)OC(C)(C)C)cs2)N/C1=N/C(=O)OC(C)(C)C
877,CN1C(=O)C[C@@](C)(c2cc(C[C@H]3CCCN(C4CCN(C(=O)OC(C)(C)C)CC4)C3=O)cs2)N/C1=N/C(=O)OC(C)(C)C
878,CN1C(=O)C[C@@](C)(c2cc(Cc3cccc(-n4cccn4)c3)cs2)N/C1=N/C(=O)OC(C)(C)C
879,CN1C(=O)C[C@@](C)(c2cc(CCc3ccc(-n4ccnn4)cc3)cs2)N/C1=N/C(=O)OC(C)(C)C
880,CN1C(=O)C[C@@](C)(c2cc(Cc3ccc(-n4nccn4)cc3)cs2)N/C1=N/C(=O)OC(C)(C)C
881,CN1C(=O)C[C@@](C)(c2cc(C3CN(C(=O)OC(C)(C)C)CC3(C)C)cs2)N/C1=N/C(=O)OC(C)(C)C
882,CN1C(=O)C[C@@](C)(c2cc(Cc3ccc4cnn(C)c4c3)cs2)N/C1=N/C(=O)OC(C)(C)C
883,C[C@@H]1CCC(c2csc([C@]3(C)CC(=O)N(C)/C(=N\C(=O)OC(C)(C)C)N3)c2)CN1C(=O)OCc1ccccc1
884,COC(=O)C1CN(C(=O)OC(C)(C)C)CCC1c1csc([C@]2(C)CC(=O)N(C)/C(=N\C(=O)OC(C)(C)C)N2)c1
